;Compound;UniProt_name;SEA;SuperPred;SwissTargetPrediction;in-house models;consensus
13557;3-OH-phloretin;A0A0C7ACN7_PSEAI;8.539999999999998e-28;;;;1
13558;3-OH-phloretin;AA2BR_RAT;1.11e-16;;;;1
13559;3-OH-phloretin;ACLY_RAT;4.62e-06;;;;1
13560;3-OH-phloretin;ADRB1_MOUSE;2.36e-13;;;;1
13561;3-OH-phloretin;AGRA_STAAU;1.76e-10;;;;1
13562;3-OH-phloretin;AK1A1_RAT;8.85e-07;;;;1
13563;3-OH-phloretin;AK1BA_HUMAN;1.51e-07;;;;1
13564;3-OH-phloretin;AK1C4_HUMAN;1.23e-11;;;;1
13565;3-OH-phloretin;AK1CL_MOUSE;2.8e-30;;;;1
13566;3-OH-phloretin;ARGI1_RAT;9.99e-16;;;;1
13567;3-OH-phloretin;ARP19_RAT;6.28e-32;;;;1
13568;3-OH-phloretin;CAH13_MOUSE;1.48e-06;;;;1
13569;3-OH-phloretin;CAH3_HUMAN;1.23e-08;;;;1
13570;3-OH-phloretin;CAH5A_HUMAN;6.03e-06;;;;1
13571;3-OH-phloretin;CAH6_HUMAN;1.07e-08;;;;1
13572;3-OH-phloretin;CAH7_HUMAN;7.31e-07;;;;1
13573;3-OH-phloretin;CALM1_HUMAN;1.7e-07;;;;1
13574;3-OH-phloretin;CAN_CANAL;1.23e-09;;;;1
13575;3-OH-phloretin;COMT_PIG;5.530000000000001e-10;;;;1
13576;3-OH-phloretin;COMT_RAT;5.04e-08;;;;1
13577;3-OH-phloretin;CP19A_HUMAN;;;;0.481996;1
13578;3-OH-phloretin;CP2C8_HUMAN;5.22e-08;;;;1
13579;3-OH-phloretin;DDL_HELPH;2.8e-30;;;;1
13580;3-OH-phloretin;DHB4_HUMAN;;;;0.3837844775;1
13581;3-OH-phloretin;DHI2_HUMAN;;;;0.9445;1
13582;3-OH-phloretin;DOPO_HUMAN;3.6e-07;;;;1
13583;3-OH-phloretin;DOPO_RAT;5.6900000000000007e-08;;;;1
13584;3-OH-phloretin;ELAV1_HUMAN;3.31e-06;;;;1
13585;3-OH-phloretin;ERCC1_HUMAN;1.7699999999999998e-47;;;;1
13586;3-OH-phloretin;ESR1_HUMAN;;;0.295453305;0.9461285714285713;2
13587;3-OH-phloretin;EZRI_HUMAN;6.29e-11;;;;1
13588;3-OH-phloretin;FFAR1_HUMAN;7.35e-08;;;;1
13589;3-OH-phloretin;FFAR4_HUMAN;3e-09;;;;1
13590;3-OH-phloretin;GRPE_ECOLI;8.88e-16;;;;1
13591;3-OH-phloretin;IBP3_HUMAN;1.66e-10;;;;1
13592;3-OH-phloretin;IBP5_HUMAN;1.96e-47;;;;1
13593;3-OH-phloretin;KDM4E_HUMAN;8.58e-13;;;;1
13594;3-OH-phloretin;LGUL_HUMAN;2.0400000000000002e-10;;;;1
13595;3-OH-phloretin;LOX15_HUMAN;4.7500000000000003e-26;;;;1
13596;3-OH-phloretin;LOX15_RABIT;2.6e-08;;;;1
13597;3-OH-phloretin;LOX15_RAT;6.17e-11;;;;1
13598;3-OH-phloretin;LOX1_SOYBN;6.3e-24;;;;1
13599;3-OH-phloretin;LX15B_RAT;2.08e-22;;;;1
13600;3-OH-phloretin;LYAM1_HUMAN;7.1499999999999995e-09;;;;1
13601;3-OH-phloretin;LYAM3_HUMAN;4.66e-06;;;;1
13602;3-OH-phloretin;MDH_THETH;1.56e-07;;;;1
13603;3-OH-phloretin;MGRA_STAAU;3.56e-35;;;;1
13604;3-OH-phloretin;NANH_CLOPF;4.97e-06;;;;1
13605;3-OH-phloretin;O96394_LEIAM;1.56e-07;;;;1
13606;3-OH-phloretin;PA2G5_MOUSE;2.01e-07;;;;1
13607;3-OH-phloretin;PA2GA_MOUSE;7.84e-07;;;;1
13608;3-OH-phloretin;PA2GA_RABIT;7.14e-23;;;;1
13609;3-OH-phloretin;PA2GA_RAT;7.14e-10;;;;1
13610;3-OH-phloretin;PA_I000X;2.22e-16;;;;1
13611;3-OH-phloretin;PERL_BOVIN;3.65e-10;;;;1
13612;3-OH-phloretin;PLAP_HUMAN;1.4e-35;;;;1
13613;3-OH-phloretin;PPBI_MOUSE;9.65e-08;;;;1
13614;3-OH-phloretin;PPBN_HUMAN;2.9399999999999998e-18;;;;1
13615;3-OH-phloretin;PPO2_AGABI;4.66e-14;;;;1
13616;3-OH-phloretin;PTN1_HUMAN;;;;0.9445999999999999;1
13617;3-OH-phloretin;Q2PCB5_DICLA;7.14e-10;;;;1
13618;3-OH-phloretin;Q39829_SOYBN;8.31e-40;;;;1
13619;3-OH-phloretin;Q3I4V7_CRYNV;2.01e-19;;;;1
13620;3-OH-phloretin;Q66HS9_RAT;9.9e-20;;;;1
13621;3-OH-phloretin;Q6UCJ9_TOXGO;5.74e-06;;;;1
13622;3-OH-phloretin;Q7ZJM1_9HIV1;2.8199999999999997e-12;;;;1
13623;3-OH-phloretin;Q8I2J3_PLAF7;4.99e-14;;;;1
13624;3-OH-phloretin;Q965D5_PLAFA;7.71e-06;;;;1
13625;3-OH-phloretin;Q965D6_PLAFA;6.829999999999999e-13;;;;1
13626;3-OH-phloretin;Q965D7_PLAFA;2.78e-12;;;;1
13627;3-OH-phloretin;Q9BEG3_BOVIN;1.89e-10;;;;1
13628;3-OH-phloretin;R1AB_CVHSA;3.31e-06;;;;1
13629;3-OH-phloretin;S28A3_HUMAN;1.6e-45;;;;1
13630;3-OH-phloretin;SC5A1_HUMAN;3.1600000000000005e-10;;;;1
13631;3-OH-phloretin;SC5A1_RAT;6.940000000000001e-19;;;;1
13632;3-OH-phloretin;SC5A2_HUMAN;4.65e-09;;;;1
13633;3-OH-phloretin;SC5A2_RAT;1.14e-20;;;;1
13634;3-OH-phloretin;TOP1_RAT;6.8400000000000005e-31;;;;1
13635;3-OH-phloretin;TTHY_HUMAN;1e-08;;;;1
13636;3-OH-phloretin;TY3H_HUMAN;3e-15;;;;1
13637;3-OH-phloretin;TY3H_RAT;5.8399999999999995e-30;;;;1
13638;3-OH-phloretin;TYRO_HUMAN;3.2799999999999994e-09;;;;1
13639;3-OH-phloretin;TYRO_MOUSE;2.0000000000000002e-11;;;;1
13640;3-OH-phloretin;TYTR_CRIFA;1e-48;;;;1
13641;3-OH-phloretin;XPF_HUMAN;1.7699999999999998e-47;;;;1
14193;35241-55-5;5HT2A_RAT;7.42e-08;;;;1
14194;35241-55-5;5HT2B_RAT;1.4300000000000002e-13;;;;1
14195;35241-55-5;5HT2C_RAT;1.8e-18;;;;1
14196;35241-55-5;5HT7R_RAT;1.26e-08;;;;1
14197;35241-55-5;A0A0C7ACN7_PSEAI;5.509999999999999e-32;;;;1
14198;35241-55-5;A5H660_SCHMA;2.43e-06;;;;1
14199;35241-55-5;AA1R_HUMAN;;;0.100578902;;1
14200;35241-55-5;AA2AR_HUMAN;;;0.100578902;;1
14201;35241-55-5;AAAT_HUMAN;1.64e-14;;;;1
14202;35241-55-5;ABC3A_HUMAN;4.14e-06;;;;1
14203;35241-55-5;ABCG2_HUMAN;1.3300000000000001e-21;;;;1
14204;35241-55-5;ABL1_HUMAN;;;0.100578902;;1
14205;35241-55-5;ACES_ELEEL;4.63e-11;;;;1
14206;35241-55-5;ACES_HUMAN;5.550000000000001e-21;;0.100578902;;2
14207;35241-55-5;ACES_MOUSE;1.71e-06;;;;1
14208;35241-55-5;ACES_RAT;2.0699999999999997e-08;;;;1
14209;35241-55-5;ACE_HUMAN;1.82e-07;;;;1
14210;35241-55-5;ACE_RABIT;1.7e-06;;;;1
14211;35241-55-5;ACHP_LYMST;4.75e-07;;;;1
14212;35241-55-5;ACM3_HUMAN;1.33e-06;;;;1
14213;35241-55-5;ACM5_HUMAN;4.31e-09;;;;1
14214;35241-55-5;ADA1D_HUMAN;;;0.100578902;;1
14215;35241-55-5;ADRB1_MOUSE;2.5999999999999995e-26;;;;1
14216;35241-55-5;ADRB2_HUMAN;3.11e-06;;;;1
14217;35241-55-5;ADRB3_HUMAN;1.0399999999999999e-10;;;;1
14218;35241-55-5;AK1BA_HUMAN;1.02e-34;;;;1
14219;35241-55-5;AK1C2_HUMAN;1.11e-16;;;;1
14220;35241-55-5;AK1C3_HUMAN;4.2499999999999995e-37;;;;1
14221;35241-55-5;AK1C4_HUMAN;8.53e-14;;;;1
14222;35241-55-5;ALDR_HUMAN;7.27e-10;;;;1
14223;35241-55-5;ALDR_RAT;3.9700000000000003e-19;;;;1
14224;35241-55-5;ALR_HUMAN;1.6399999999999998e-08;;;;1
14225;35241-55-5;AMD_RAT;1.15e-42;;;;1
14226;35241-55-5;AMP1_PLAFQ;1.11e-16;;;;1
14227;35241-55-5;AMPL_HUMAN;1.22e-06;;;;1
14228;35241-55-5;AMPL_PIG;1.51e-18;;;;1
14229;35241-55-5;AMPN_HUMAN;5.32e-12;;;;1
14230;35241-55-5;AMPN_PIG;2.18e-14;;;;1
14231;35241-55-5;AOC3_HUMAN;4.56e-07;;;;1
14232;35241-55-5;AOFA_BOVIN;6.270000000000001e-13;;;;1
14233;35241-55-5;AOFA_HUMAN;4.7e-10;;0.100578902;;2
14234;35241-55-5;AOFB_BOVIN;1.19e-11;;;;1
14235;35241-55-5;AOFB_HUMAN;9.33e-15;;0.100578902;;2
14236;35241-55-5;AOFB_RAT;1.18e-11;;;;1
14237;35241-55-5;ARBK1_HUMAN;;;0.100578902;;1
14238;35241-55-5;AROK_HELPY;3.3e-09;;;;1
14239;35241-55-5;ASAH1_HUMAN;2.2200000000000004e-08;;;;1
14240;35241-55-5;AURKA_HUMAN;;;0.100578902;;1
14241;35241-55-5;B0FL73_CAVPO;2.13e-08;;;;1
14242;35241-55-5;B2LA1_HUMAN;3.66e-15;;;;1
14243;35241-55-5;BAZ2A_HUMAN;9.9e-08;;;;1
14244;35241-55-5;BAZ2B_HUMAN;1.45e-07;;;;1
14245;35241-55-5;BLA1_ECOLX;2.27e-06;;;;1
14246;35241-55-5;BMP1_HUMAN;4.01e-12;;;;1
14247;35241-55-5;C11B1_HUMAN;4.22e-06;;;;1
14248;35241-55-5;C3SLB7_ECOLX;1.79e-10;;;;1
14249;35241-55-5;C4YTQ8_CANAW;4.43e-07;;;;1
14250;35241-55-5;CA2D1_MOUSE;4.65e-09;;;;1
14251;35241-55-5;CAC1B_RAT;6.83e-08;;;;1
14252;35241-55-5;CAH12_HUMAN;8.68e-08;;;;1
14253;35241-55-5;CAH13_MOUSE;1.15e-09;;;;1
14254;35241-55-5;CAH14_HUMAN;6.24e-13;;;;1
14255;35241-55-5;CAH1_HUMAN;1.2800000000000001e-09;;;;1
14256;35241-55-5;CAH2_HUMAN;9.959999999999999e-10;;;;1
14257;35241-55-5;CAH5A_HUMAN;2.28e-09;;;;1
14258;35241-55-5;CAH5B_HUMAN;4.33e-09;;;;1
14259;35241-55-5;CAH6_HUMAN;2.04e-11;;;;1
14260;35241-55-5;CAH7_HUMAN;1.19e-14;;;;1
14261;35241-55-5;CAH9_HUMAN;1.3400000000000001e-09;;;;1
14262;35241-55-5;CALM1_HUMAN;3.27e-18;;;;1
14263;35241-55-5;CALM_BOVIN;3.05e-10;;;;1
14264;35241-55-5;CAN1_HUMAN;1.6899999999999998e-17;;;;1
14265;35241-55-5;CAN2_HUMAN;6.01e-12;;;;1
14266;35241-55-5;CAN_CANAL;6.54e-13;;;;1
14267;35241-55-5;CASP3_HUMAN;5.19e-06;;0.100578902;;2
14268;35241-55-5;CASP7_HUMAN;2.99e-09;;0.100578902;;2
14269;35241-55-5;CASR_HUMAN;3.05e-07;;;;1
14270;35241-55-5;CATB_HUMAN;;;0.100578902;;1
14271;35241-55-5;CATC_RAT;3.15e-13;;;;1
14272;35241-55-5;CATG_HUMAN;1.32e-07;;;;1
14273;35241-55-5;CATH_RAT;9.99e-16;;;;1
14274;35241-55-5;CATJ_RAT;9.99e-16;;;;1
14275;35241-55-5;CATK_RABIT;2.91e-07;;;;1
14276;35241-55-5;CATL1_BOVIN;3.29e-11;;;;1
14277;35241-55-5;CATL1_HUMAN;3.37e-06;;;;1
14278;35241-55-5;CATZ_RAT;3.63e-20;;;;1
14279;35241-55-5;CBPA1_BOVIN;1.56e-17;;;;1
14280;35241-55-5;CBPA1_HUMAN;5.11e-10;;;;1
14281;35241-55-5;CBPA3_HUMAN;1.4400000000000001e-15;;;;1
14282;35241-55-5;CBR1_HUMAN;4.05e-07;;;;1
14283;35241-55-5;CCR3_HUMAN;8.65e-07;;;;1
14284;35241-55-5;CEL2A_PIG;6.76e-06;;;;1
14285;35241-55-5;CES1D_MOUSE;1.5800000000000002e-10;;;;1
14286;35241-55-5;CHLE_HORSE;5.17e-08;;;;1
14287;35241-55-5;CHLE_HUMAN;3.85e-07;;;;1
14288;35241-55-5;CHLE_MOUSE;5.6e-06;;;;1
14289;35241-55-5;CHMU_MYCTU;2.8e-30;;;;1
14290;35241-55-5;CMA1_HUMAN;2.7999999999999997e-20;;;;1
14291;35241-55-5;COMT_RAT;1.64e-14;;;;1
14292;35241-55-5;CP19A_HUMAN;;;;0.44149399999999994;1
14293;35241-55-5;CP1A2_HUMAN;2e-08;;;;1
14294;35241-55-5;CP1B1_HUMAN;6.89e-06;;;;1
14295;35241-55-5;CP24A_HUMAN;3.06e-06;;;;1
14296;35241-55-5;CP24A_RAT;3.3799999999999995e-21;;;;1
14297;35241-55-5;CP26B_HUMAN;2.41e-19;;;;1
14298;35241-55-5;CP27B_MOUSE;6.72e-12;;;;1
14299;35241-55-5;CP2C9_HUMAN;1.3899999999999999e-08;;;;1
14300;35241-55-5;CP2CJ_HUMAN;2.22e-10;;;;1
14301;35241-55-5;CP2D6_HUMAN;5.99e-07;;;;1
14302;35241-55-5;CP3A4_HUMAN;5.68e-08;;;;1
14303;35241-55-5;CREB1_HUMAN;9.77e-13;;;;1
14304;35241-55-5;CRTM_STAAU;5.68e-26;;;;1
14305;35241-55-5;CTBP2_HUMAN;3.28e-21;;;;1
14306;35241-55-5;CTRA_BOVIN;1.07e-11;;;;1
14307;35241-55-5;CTRB1_HUMAN;1.33e-08;;;;1
14308;35241-55-5;CXCR2_HUMAN;;;0.100578902;;1
14309;35241-55-5;CXCR4_RAT;6.52e-06;;;;1
14310;35241-55-5;CYSP_PLAFA;1.2200000000000001e-21;;;;1
14311;35241-55-5;DCMC_HUMAN;1.52e-08;;;;1
14312;35241-55-5;DGLA_HUMAN;2.97e-49;;;;1
14313;35241-55-5;DHB2_HUMAN;8.01e-14;;0.100578902;;2
14314;35241-55-5;DHB2_MOUSE;4.41e-14;;;;1
14315;35241-55-5;DHB3_RAT;3.31e-06;;;;1
14316;35241-55-5;DPOL_HHV6U;3.8699999999999997e-13;;;;1
14317;35241-55-5;DUS3_HUMAN;;;0.100578902;;1
14318;35241-55-5;E2AK2_HUMAN;;;0.100578902;;1
14319;35241-55-5;EBP_HUMAN;2.25e-09;;;;1
14320;35241-55-5;EDNRA_HUMAN;1e-08;;;;1
14321;35241-55-5;EDNRA_RAT;6.55e-15;;;;1
14322;35241-55-5;EDNRB_HUMAN;9.22e-08;;;;1
14323;35241-55-5;EDNRB_PIG;2.9199999999999997e-07;;;;1
14324;35241-55-5;EDNRB_RAT;5.35e-07;;;;1
14325;35241-55-5;EGFR_HUMAN;8.34e-06;;;;1
14326;35241-55-5;EGFR_MOUSE;1.4599999999999998e-33;;;;1
14327;35241-55-5;ELAS_PSEAE;4.92e-06;;;;1
14328;35241-55-5;ENPL_CANLF;6.8099999999999995e-12;;;;1
14329;35241-55-5;ENPL_HUMAN;3.23e-19;;;;1
14330;35241-55-5;EP300_HUMAN;2.8e-13;;;;1
14331;35241-55-5;EPOR_HUMAN;2.38e-20;;;;1
14332;35241-55-5;ERAP1_HUMAN;2.27e-06;;;;1
14333;35241-55-5;ERAP2_HUMAN;2.3999999999999998e-11;;;;1
14334;35241-55-5;ERCC1_HUMAN;2.9399999999999998e-09;;;;1
14335;35241-55-5;ERCC5_HUMAN;8.84e-09;;;;1
14336;35241-55-5;ESR1_HUMAN;;;0.133337961;;1
14337;35241-55-5;ESR2_HUMAN;;;0.100578902;;1
14338;35241-55-5;EST1_HUMAN;1.0799999999999999e-69;;;;1
14339;35241-55-5;EST1_RABIT;8.459999999999999e-13;;;;1
14340;35241-55-5;EST2_HUMAN;2.6e-08;;;;1
14341;35241-55-5;EST5_RAT;5.6900000000000007e-08;;;;1
14342;35241-55-5;FAAH1_HUMAN;1.4199999999999998e-37;;0.100578902;;2
14343;35241-55-5;FAAH1_MOUSE;2.59e-38;;;;1
14344;35241-55-5;FAAH1_RAT;1.5099999999999995e-71;;;;1
14345;35241-55-5;FEN1_HUMAN;1.1800000000000001e-07;;;;1
14346;35241-55-5;FFAR1_HUMAN;1.3099999999999998e-70;;;;1
14347;35241-55-5;FFAR1_MOUSE;7.86e-06;;;;1
14348;35241-55-5;FFAR1_RAT;4.929999999999999e-26;;;;1
14349;35241-55-5;FFAR4_HUMAN;8.759999999999999e-50;;;;1
14350;35241-55-5;FLT3_HUMAN;;;0.100578902;;1
14351;35241-55-5;FOLH1_HUMAN;8.85e-06;;;;1
14352;35241-55-5;FOLH1_RAT;1.8700000000000002e-08;;;;1
14353;35241-55-5;FOS_HUMAN;2.49e-08;;;;1
14354;35241-55-5;G3P_HUMAN;;;0.100578902;;1
14355;35241-55-5;G6PC_HUMAN;3.97e-13;;;;1
14356;35241-55-5;GBRB2_HUMAN;7.36e-08;;;;1
14357;35241-55-5;GLI1_HUMAN;2.72e-07;;;;1
14358;35241-55-5;GLSK_HUMAN;4.96e-07;;;;1
14359;35241-55-5;GLUT4_HUMAN;1.1299999999999999e-20;;;;1
14360;35241-55-5;GP139_HUMAN;3.5099999999999997e-34;;;;1
14361;35241-55-5;GP183_MOUSE;1.51e-09;;;;1
14362;35241-55-5;H9B8T9_CAPHI;1.57e-08;;;;1
14363;35241-55-5;HCAR2_HUMAN;1.6800000000000003e-21;;;;1
14364;35241-55-5;HCAR2_RAT;1.1699999999999999e-09;;;;1
14365;35241-55-5;HCK_HUMAN;;;0.100578902;;1
14366;35241-55-5;HDAC1_HUMAN;5.08e-09;;;;1
14367;35241-55-5;HDAC1_RAT;6.490000000000001e-19;;;;1
14368;35241-55-5;HDAC2_HUMAN;9.17e-08;;;;1
14369;35241-55-5;HDAC8_HUMAN;1.89e-15;;;;1
14370;35241-55-5;HIS7_ECOLI;2.32e-09;;;;1
14371;35241-55-5;HMOX1_HUMAN;2.0099999999999998e-22;;;;1
14372;35241-55-5;HMOX1_RAT;5.12e-06;;;;1
14373;35241-55-5;HPPD_ARATH;5.57e-13;;;;1
14374;35241-55-5;HS90A_HUMAN;;;0.100578902;;1
14375;35241-55-5;HYEP_MOUSE;9.65e-06;;;;1
14376;35241-55-5;IF4A1_HUMAN;3.63e-20;;;;1
14377;35241-55-5;IMPA1_BOVIN;5.17e-08;;;;1
14378;35241-55-5;ITF2_HUMAN;4.94e-10;;;;1
14379;35241-55-5;KCNA1_HUMAN;9.66e-09;;;;1
14380;35241-55-5;KCNA2_HUMAN;3.51e-14;;;;1
14381;35241-55-5;KCNA3_HUMAN;2.16e-08;;;;1
14382;35241-55-5;KCNA3_MOUSE;2.3799999999999997e-60;;;;1
14383;35241-55-5;KCNB1_HUMAN;1.79e-22;;;;1
14384;35241-55-5;KCNJ2_MOUSE;1.56e-07;;;;1
14385;35241-55-5;KCNK2_HUMAN;3.8100000000000004e-08;;;;1
14386;35241-55-5;KCNK9_HUMAN;3.38e-07;;;;1
14387;35241-55-5;KCNQ2_HUMAN;1.59e-06;;;;1
14388;35241-55-5;KDM1A_HUMAN;;;0.100578902;;1
14389;35241-55-5;KDM3A_HUMAN;4.22e-10;;;;1
14390;35241-55-5;KDM5A_HUMAN;;;0.100578902;;1
14391;35241-55-5;KLF5_HUMAN;7.22e-10;;;;1
14392;35241-55-5;KLK2_HUMAN;2.58e-10;;;;1
14393;35241-55-5;KLK4_HUMAN;1.05e-08;;;;1
14394;35241-55-5;KLK8_HUMAN;2.0499999999999997e-09;;;;1
14395;35241-55-5;KPCL_HUMAN;1.21e-06;;;;1
14396;35241-55-5;KS6A2_HUMAN;;;0.100578902;;1
14397;35241-55-5;KS6B2_HUMAN;3.69e-06;;;;1
14398;35241-55-5;KYNU_HUMAN;3.820000000000001e-11;;;;1
14399;35241-55-5;LAT1_HUMAN;2.76e-20;;;;1
14400;35241-55-5;LDHB_HUMAN;5.8e-09;;;;1
14401;35241-55-5;LIPS_RAT;1.72e-07;;;;1
14402;35241-55-5;LKHA4_HUMAN;4.63e-19;;;;1
14403;35241-55-5;LOX15_HUMAN;5.94e-13;;;;1
14404;35241-55-5;LOX15_PIG;3e-50;;;;1
14405;35241-55-5;LOX15_RAT;5.819999999999999e-79;;;;1
14406;35241-55-5;LOX5_HUMAN;6.23e-19;;0.100578902;;2
14407;35241-55-5;LOX5_RAT;1.7600000000000002e-33;;;;1
14408;35241-55-5;LPAR1_HUMAN;5.11e-34;;;;1
14409;35241-55-5;LPAR5_HUMAN;2.7800000000000002e-15;;;;1
14410;35241-55-5;LT4R1_HUMAN;1.5500000000000002e-26;;;;1
14411;35241-55-5;LUCI_PHOPY;2.69e-10;;;;1
14412;35241-55-5;LUCI_RENRE;2.72e-07;;;;1
14413;35241-55-5;LX15B_RAT;1.77e-33;;;;1
14414;35241-55-5;LYAM1_HUMAN;1.92e-09;;;;1
14415;35241-55-5;LYAM2_HUMAN;2.71e-06;;;;1
14416;35241-55-5;LYAM3_HUMAN;1.95e-06;;;;1
14417;35241-55-5;MDHC_PIG;9.99e-16;;;;1
14418;35241-55-5;MDHM_PIG;4.48e-06;;;;1
14419;35241-55-5;MDR1_HUMAN;1.1499999999999998e-53;;;;1
14420;35241-55-5;MK08_HUMAN;;;0.100578902;;1
14421;35241-55-5;MK09_HUMAN;;;0.100578902;;1
14422;35241-55-5;MK10_HUMAN;;;0.100578902;;1
14423;35241-55-5;MMP12_HUMAN;1.9e-12;;;;1
14424;35241-55-5;MMP12_MOUSE;2.86e-42;;;;1
14425;35241-55-5;MMP13_HUMAN;1.16e-14;;;;1
14426;35241-55-5;MMP13_RAT;2.0299999999999996e-12;;;;1
14427;35241-55-5;MMP14_HUMAN;;;0.100578902;;1
14428;35241-55-5;MMP16_HUMAN;1.25e-08;;;;1
14429;35241-55-5;MMP1_HUMAN;1.11e-16;;;;1
14430;35241-55-5;MMP26_HUMAN;1.21e-06;;;;1
14431;35241-55-5;MMP2_HUMAN;1.29e-10;;;;1
14432;35241-55-5;MMP3_HUMAN;2.22e-16;;;;1
14433;35241-55-5;MMP8_HUMAN;1.3300000000000002e-09;;;;1
14434;35241-55-5;MMP9_HUMAN;1.4400000000000001e-15;;;;1
14435;35241-55-5;MOT1_RAT;1.42e-06;;;;1
14436;35241-55-5;MOT4_HUMAN;1.61e-11;;;;1
14437;35241-55-5;MTCA1_MYCTU;5.5e-11;;;;1
14438;35241-55-5;MTOR_HUMAN;;;0.100578902;;1
14439;35241-55-5;MTR1A_HUMAN;1.96e-58;;;;1
14440;35241-55-5;MTR1B_HUMAN;2.45e-58;;;;1
14441;35241-55-5;MTR1C_XENLA;3.0800000000000002e-12;;;;1
14442;35241-55-5;MTSI_SPISQ;8.160000000000001e-18;;;;1
14443;35241-55-5;NAAA_RAT;1.07e-08;;;;1
14444;35241-55-5;NCEH1_HUMAN;1.4e-08;;;;1
14445;35241-55-5;NEP_RABIT;6.68e-08;;;;1
14446;35241-55-5;NFKB1_HUMAN;2.2e-07;;;;1
14447;35241-55-5;NLRP3_HUMAN;2.35e-07;;;;1
14448;35241-55-5;NMDE2_HUMAN;2.28e-06;;;;1
14449;35241-55-5;NMDE2_RAT;3.91e-21;;;;1
14450;35241-55-5;NMDZ1_RAT;1.78e-06;;;;1
14451;35241-55-5;NPCL1_RAT;4.44e-16;;;;1
14452;35241-55-5;NQO2_HUMAN;9.21e-11;;;;1
14453;35241-55-5;NR1H3_HUMAN;1.29e-06;;;;1
14454;35241-55-5;NSD2_HUMAN;8.21e-06;;;;1
14455;35241-55-5;NTCP_RAT;5.549999999999999e-16;;;;1
14456;35241-55-5;NU1M_BOVIN;5.67e-13;;;;1
14457;35241-55-5;O93874_COCLU;2.12e-22;;;;1
14458;35241-55-5;OPRD_HUMAN;2.5e-06;;;;1
14459;35241-55-5;OPRD_RAT;2.88e-07;;;;1
14460;35241-55-5;OPRK_CAVPO;8.94e-06;;;;1
14461;35241-55-5;OPRK_RAT;9.84e-12;;;;1
14462;35241-55-5;OPRM_RAT;5.96e-10;;;;1
14463;35241-55-5;OXDA_HUMAN;9.66e-06;;;;1
14464;35241-55-5;OXDA_PIG;9.499999999999999e-09;;;;1
14465;35241-55-5;P2RX1_MOUSE;5.31e-23;;;;1
14466;35241-55-5;P2RX4_HUMAN;3.96e-07;;;;1
14467;35241-55-5;P96878_MYCTU;1.93e-10;;;;1
14468;35241-55-5;PA21B_MOUSE;3.31e-06;;;;1
14469;35241-55-5;PA24A_BOVIN;5.48e-23;;;;1
14470;35241-55-5;PA24A_HUMAN;3.71e-32;;;;1
14471;35241-55-5;PA24B_HUMAN;3.45e-13;;;;1
14472;35241-55-5;PA2G5_HUMAN;9.6e-06;;;;1
14473;35241-55-5;PA2G5_MOUSE;1.42e-07;;;;1
14474;35241-55-5;PA2GA_HUMAN;6.42e-31;;;;1
14475;35241-55-5;PA2GA_MOUSE;3.68e-12;;;;1
14476;35241-55-5;PA2GA_RABIT;2.2600000000000002e-23;;;;1
14477;35241-55-5;PA2GA_RAT;4.4499999999999996e-10;;;;1
14478;35241-55-5;PA2GD_HUMAN;5.74e-06;;;;1
14479;35241-55-5;PA2GE_HUMAN;3.31e-06;;;;1
14480;35241-55-5;PA2GE_MOUSE;8.85e-07;;;;1
14481;35241-55-5;PA2GX_HUMAN;3.64e-08;;;;1
14482;35241-55-5;PACR_HUMAN;1.2199999999999999e-11;;;;1
14483;35241-55-5;PAFA_HUMAN;;;0.100578902;;1
14484;35241-55-5;PA_I34A1;6.370000000000001e-10;;;;1
14485;35241-55-5;PDK1_HUMAN;2.22e-16;;;;1
14486;35241-55-5;PDK3_HUMAN;1.38e-12;;;;1
14487;35241-55-5;PDK4_HUMAN;2.12e-14;;;;1
14488;35241-55-5;PDS_SYNE7;3.5399999999999995e-11;;;;1
14489;35241-55-5;PE2R1_HUMAN;6.36e-07;;;;1
14490;35241-55-5;PE2R1_RAT;5.37e-13;;;;1
14491;35241-55-5;PE2R2_HUMAN;3.33e-16;;;;1
14492;35241-55-5;PE2R2_RAT;4.4400000000000005e-12;;;;1
14493;35241-55-5;PE2R3_HUMAN;1.7e-14;;;;1
14494;35241-55-5;PE2R3_MOUSE;1.55e-15;;;;1
14495;35241-55-5;PE2R4_HUMAN;4.1100000000000006e-21;;;;1
14496;35241-55-5;PGFRB_HUMAN;;;0.100578902;;1
14497;35241-55-5;PGH1_HUMAN;;;;0.12613;1
14498;35241-55-5;PGH1_RAT;3.23e-19;;;;1
14499;35241-55-5;PGH2_MOUSE;7.17e-06;;;;1
14500;35241-55-5;PGH2_RAT;1.3e-13;;;;1
14501;35241-55-5;PGH2_SHEEP;4.07e-06;;;;1
14502;35241-55-5;PHHY_PSEFL;1.1499999999999998e-36;;;;1
14503;35241-55-5;PHLP2_HUMAN;4.44e-07;;;;1
14504;35241-55-5;PI4KB_HUMAN;;;0.100578902;;1
14505;35241-55-5;PK3CA_HUMAN;;;0.100578902;;1
14506;35241-55-5;PK3CB_HUMAN;;;0.100578902;;1
14507;35241-55-5;PK3CD_HUMAN;;;0.100578902;;1
14508;35241-55-5;PK3CG_HUMAN;;;0.100578902;;1
14509;35241-55-5;PMT1_CANAL;3.89e-06;;;;1
14510;35241-55-5;POLG_WNV;9.570000000000001e-07;;;;1
14511;35241-55-5;PPARA_HUMAN;1.19e-09;;;;1
14512;35241-55-5;PPARA_MOUSE;2.68e-06;;;;1
14513;35241-55-5;PPARD_HUMAN;2.4e-07;;;;1
14514;35241-55-5;PPARG_HUMAN;6.18e-14;;;;1
14515;35241-55-5;PPBT_HUMAN;;;0.100578902;;1
14516;35241-55-5;PPCE_BOVIN;5.22e-08;;;;1
14517;35241-55-5;PPCE_MOUSE;2.8000000000000003e-09;;;;1
14518;35241-55-5;PPIA_HUMAN;;;0.100578902;;1
14519;35241-55-5;PPO2_AGABI;1.11e-16;;;;1
14520;35241-55-5;PRIO_SHEEP;6.819999999999999e-10;;;;1
14521;35241-55-5;PRKDC_HUMAN;;;0.100578902;;1
14522;35241-55-5;PSB5_HUMAN;2.16e-06;;;;1
14523;35241-55-5;PTAFR_HUMAN;1.11e-16;;;;1
14524;35241-55-5;PTGES_HUMAN;3.8e-09;;;;1
14525;35241-55-5;PTGES_MOUSE;1.11e-16;;;;1
14526;35241-55-5;PTN1_HUMAN;2.9e-06;;;;1
14527;35241-55-5;PTPRB_HUMAN;9.779999999999999e-08;;;;1
14528;35241-55-5;Q0PJ46_PLAFA;3.3600000000000003e-13;;;;1
14529;35241-55-5;Q25270_LEIDO;6.8800000000000006e-12;;;;1
14530;35241-55-5;Q3I4V7_CRYNV;6.32e-24;;;;1
14531;35241-55-5;Q43570_TOBAC;2.08e-06;;;;1
14532;35241-55-5;Q49PX0_9POXV;7.49e-18;;;;1
14533;35241-55-5;Q53I59_TRYCR;2.45e-17;;;;1
14534;35241-55-5;Q56D28_CAVPO;5.41e-14;;;;1
14535;35241-55-5;Q6RY99_RAT;1.8300000000000002e-22;;;;1
14536;35241-55-5;Q6TUJ4_PSEAI;1.7499999999999998e-17;;;;1
14537;35241-55-5;Q6UCJ9_TOXGO;1.37e-06;;;;1
14538;35241-55-5;Q6VVP7_PLAFA;9.99e-16;;;;1
14539;35241-55-5;Q72874_9HIV1;4.889999999999999e-13;;;;1
14540;35241-55-5;Q76353_9HIV1;1.8e-08;;;;1
14541;35241-55-5;Q79MP6_PSEAI;9.54e-08;;;;1
14542;35241-55-5;Q7M0F8_CAVPO;1.1599999999999998e-44;;;;1
14543;35241-55-5;Q7ZJM1_9HIV1;3.65e-19;;;;1
14544;35241-55-5;Q8HY88_BOVIN;2.5e-11;;;;1
14545;35241-55-5;Q8WSF8_APLCA;1.78e-15;;;;1
14546;35241-55-5;Q94F81_MAIZE;1.8800000000000003e-23;;;;1
14547;35241-55-5;Q95214_RABIT;4.34e-06;;;;1
14548;35241-55-5;Q965D5_PLAFA;6.31e-06;;;;1
14549;35241-55-5;Q98UH1_DANRE;9.53e-11;;;;1
14550;35241-55-5;Q9BEG3_BOVIN;1.8e-18;;;;1
14551;35241-55-5;Q9I056_PSEAE;1.77e-13;;;;1
14552;35241-55-5;Q9K2N0_PSEAI;1.95e-20;;;;1
14553;35241-55-5;Q9Z1J7_RAT;1.4000000000000001e-09;;;;1
14554;35241-55-5;REST_BORBU;1.08e-10;;;;1
14555;35241-55-5;RET_HUMAN;;;0.100578902;;1
14556;35241-55-5;RHOA_HUMAN;5.12e-07;;;;1
14557;35241-55-5;RNH1_HUMAN;3.21e-08;;;;1
14558;35241-55-5;RYR2_HUMAN;1.1299999999999999e-08;;;;1
14559;35241-55-5;S12A5_RAT;1.56e-10;;;;1
14560;35241-55-5;S13A5_HUMAN;3.86e-08;;;;1
14561;35241-55-5;S15A1_HUMAN;8.109999999999999e-13;;;;1
14562;35241-55-5;S22A6_RAT;4.4299999999999993e-13;;;;1
14563;35241-55-5;S28A3_HUMAN;1.38e-40;;;;1
14564;35241-55-5;S5A2_HUMAN;1.76e-08;;;;1
14565;35241-55-5;S6A11_MOUSE;5.9299999999999995e-08;;;;1
14566;35241-55-5;S6A13_MOUSE;3.74e-07;;;;1
14567;35241-55-5;SAE1_HUMAN;3.13e-06;;;;1
14568;35241-55-5;SC5A1_HUMAN;2.89e-10;;;;1
14569;35241-55-5;SC5A1_RAT;1.11e-16;;;;1
14570;35241-55-5;SC5A2_HUMAN;8.57e-11;;;;1
14571;35241-55-5;SC5A2_RAT;2.29e-10;;;;1
14572;35241-55-5;SC5A5_RAT;1.1599999999999999e-35;;;;1
14573;35241-55-5;SC6A3_MOUSE;2.62e-12;;;;1
14574;35241-55-5;SC6A4_MOUSE;1.9599999999999998e-19;;;;1
14575;35241-55-5;SC6A5_HUMAN;4.96e-12;;;;1
14576;35241-55-5;SCN2A_HUMAN;3.81e-06;;;;1
14577;35241-55-5;SCN3A_RAT;7.77e-16;;;;1
14578;35241-55-5;SCYD_MAGO7;4.18e-08;;;;1
14579;35241-55-5;SENP1_HUMAN;1.0399999999999999e-18;;;;1
14580;35241-55-5;SENP7_HUMAN;1.08e-10;;;;1
14581;35241-55-5;SEPR_HUMAN;;;0.100578902;;1
14582;35241-55-5;SGMR1_CAVPO;3.59e-13;;;;1
14583;35241-55-5;SGMR1_HUMAN;4.94e-13;;;;1
14584;35241-55-5;SGMR1_RAT;2.5299999999999995e-12;;;;1
14585;35241-55-5;SHBG_HUMAN;;;0.100578902;;1
14586;35241-55-5;SL9A1_HUMAN;;;0.100578902;;1
14587;35241-55-5;SMS1_HUMAN;2.84e-13;;;;1
14588;35241-55-5;SO2A1_RAT;5.55e-07;;;;1
14589;35241-55-5;SOAT1_HUMAN;7.71e-06;;;;1
14590;35241-55-5;SOAT1_RAT;4.78e-10;;;;1
14591;35241-55-5;SPHK2_HUMAN;1.86e-08;;;;1
14592;35241-55-5;SPRE_HUMAN;3.25e-08;;;;1
14593;35241-55-5;SRC_MOUSE;7.32e-13;;;;1
14594;35241-55-5;STE24_YEAST;9.070000000000001e-07;;;;1
14595;35241-55-5;STRP_STRP1;4.55e-07;;;;1
14596;35241-55-5;STXA_SHIDY;3.3e-09;;;;1
14597;35241-55-5;SYK_HUMAN;9.16e-11;;;;1
14598;35241-55-5;T2R14_HUMAN;1.5100000000000001e-27;;;;1
14599;35241-55-5;T2R31_HUMAN;3.61e-13;;;;1
14600;35241-55-5;TAAR1_HUMAN;2.91e-22;;;;1
14601;35241-55-5;TAAR1_MACMU;1.85e-07;;;;1
14602;35241-55-5;TAU_HUMAN;1.61e-14;;;;1
14603;35241-55-5;TBB1_HUMAN;;;0.100578902;;1
14604;35241-55-5;TBB2B_BOVIN;1.8199999999999998e-13;;;;1
14605;35241-55-5;TBB3_HUMAN;;;0.100578902;;1
14606;35241-55-5;TCMO_HELTU;5.49e-32;;;;1
14607;35241-55-5;TERA_HUMAN;;;0.100578902;;1
14608;35241-55-5;TERT_HUMAN;;;0.100578902;;1
14609;35241-55-5;THA_HUMAN;7.590000000000001e-23;;;;1
14610;35241-55-5;THB_HUMAN;7.31e-19;;;;1
14611;35241-55-5;THB_RAT;1.06e-11;;;;1
14612;35241-55-5;TIM23_YEAST;5.47e-07;;;;1
14613;35241-55-5;TLR4_MOUSE;1.1699999999999999e-09;;;;1
14614;35241-55-5;TPMT_HUMAN;1.8800000000000002e-29;;;;1
14615;35241-55-5;TRPA1_RAT;3.23e-19;;;;1
14616;35241-55-5;TRPM8_RAT;5.19e-07;;;;1
14617;35241-55-5;TS1R1_HUMAN;5.2200000000000004e-15;;;;1
14618;35241-55-5;TS1R3_HUMAN;3.32e-06;;;;1
14619;35241-55-5;TTHY_HUMAN;2.1899999999999998e-13;;;;1
14620;35241-55-5;TYRO_HUMAN;8.640000000000002e-09;;;;1
14621;35241-55-5;UBC9_HUMAN;2.8399999999999997e-09;;;;1
14622;35241-55-5;UBP4_HUMAN;9.52e-32;;;;1
14623;35241-55-5;UBP5_HUMAN;1.1299999999999999e-20;;;;1
14624;35241-55-5;UPP1_HUMAN;1.66e-08;;;;1
14625;35241-55-5;UROK_HUMAN;;;0.100578902;;1
14626;35241-55-5;VE1_HPV11;1.05e-07;;;;1
14627;35241-55-5;VGFR1_HUMAN;;;0.100578902;;1
14628;35241-55-5;VMAT2_HUMAN;4.61e-10;;;;1
14629;35241-55-5;VMAT2_RAT;1.7e-22;;;;1
14630;35241-55-5;WNK1_HUMAN;3.1e-10;;;;1
14631;35241-55-5;XDH_BOVIN;5.079999999999999e-07;;;;1
14632;35241-55-5;XPF_HUMAN;2.9399999999999998e-09;;;;1
20544;Asebogenin;5HT2B_RAT;1.1100000000000001e-13;;;;1
20545;Asebogenin;A0A0C7ACN7_PSEAI;3.1399999999999997e-21;;;;1
20546;Asebogenin;ABCG2_HUMAN;1.11e-16;;;;1
20547;Asebogenin;ACES_HUMAN;1.09e-08;;;0.577284;2
20548;Asebogenin;ACE_MOUSE;6.940000000000001e-11;;;;1
20549;Asebogenin;ACHD_HUMAN;1.64e-10;;;;1
20550;Asebogenin;ACLY_RAT;7.08e-06;;;;1
20551;Asebogenin;ADRB2_HUMAN;2.1300000000000001e-07;;;;1
20552;Asebogenin;ADRB2_RAT;9.44e-13;;;;1
20553;Asebogenin;ADRB3_HUMAN;7.879999999999998e-09;;;;1
20554;Asebogenin;ADRB3_RAT;1.05e-06;;;;1
20555;Asebogenin;AK1BA_HUMAN;2.7499999999999997e-26;;;;1
20556;Asebogenin;AK1C3_HUMAN;2.6e-07;;;;1
20557;Asebogenin;ALDR_HUMAN;8.79e-06;;;;1
20558;Asebogenin;ALDR_RAT;3.11e-11;;;;1
20559;Asebogenin;AOFA_HUMAN;6.44e-06;;;;1
20560;Asebogenin;B0FL73_CAVPO;3.42e-08;;;;1
20561;Asebogenin;CAH12_HUMAN;1.69e-06;;;;1
20562;Asebogenin;CAH13_MOUSE;1.51e-09;;;;1
20563;Asebogenin;CAH14_HUMAN;1.52e-13;;;;1
20564;Asebogenin;CAH15_MOUSE;3.27e-06;;;;1
20565;Asebogenin;CAH1_HUMAN;5.83e-08;;;;1
20566;Asebogenin;CAH2_HUMAN;6.23e-07;;;;1
20567;Asebogenin;CAH3_HUMAN;8.76e-06;;;;1
20568;Asebogenin;CAH5A_HUMAN;1.44e-08;;;;1
20569;Asebogenin;CAH5B_HUMAN;1.79e-10;;;;1
20570;Asebogenin;CAH6_HUMAN;9.73e-12;;;;1
20571;Asebogenin;CAH7_HUMAN;3.11e-15;;;;1
20572;Asebogenin;CAH9_HUMAN;8.13e-07;;;;1
20573;Asebogenin;CALM1_HUMAN;1.3599999999999999e-11;;;;1
20574;Asebogenin;CAN_CANAL;6.34e-14;;;;1
20575;Asebogenin;CBR1_HUMAN;1.01e-06;;;;1
20576;Asebogenin;CP19A_HUMAN;;;;0.710283;1
20577;Asebogenin;CP1B1_HUMAN;1.05e-07;;;;1
20578;Asebogenin;CP24A_HUMAN;4.54e-09;;;;1
20579;Asebogenin;CP24A_RAT;8.35e-26;;;;1
20580;Asebogenin;CP26B_HUMAN;3.1300000000000003e-18;;;;1
20581;Asebogenin;CP27B_MOUSE;1.5099999999999998e-17;;;;1
20582;Asebogenin;CP2D6_HUMAN;;;;0.241362;1
20583;Asebogenin;CTBP2_HUMAN;1.36e-21;;;;1
20584;Asebogenin;CXCR4_RAT;5.28e-06;;;;1
20585;Asebogenin;DHB3_HUMAN;7.45e-11;;;;1
20586;Asebogenin;DHB3_RAT;2.55e-06;;;;1
20587;Asebogenin;DHB4_HUMAN;;;;0.3209814042475;1
20588;Asebogenin;DHI2_HUMAN;;;;0.8955;1
20589;Asebogenin;DPOL_HHV6U;4.81e-14;;;;1
20590;Asebogenin;EGFR_MOUSE;3.29e-11;;;;1
20591;Asebogenin;ENPL_HUMAN;3.1e-14;;;;1
20592;Asebogenin;ERCC1_HUMAN;1.55e-06;;;;1
20593;Asebogenin;ESR1_HUMAN;7.120000000000001e-09;;0.139061947;0.9615333333333332;3
20594;Asebogenin;ESR2_HUMAN;1.8800000000000002e-07;;0.106099949;;2
20595;Asebogenin;EST1_HUMAN;4.0799999999999996e-12;;;;1
20596;Asebogenin;EST1_RABIT;3.77e-09;;;;1
20597;Asebogenin;EST2_HUMAN;2.14e-06;;;;1
20598;Asebogenin;FAAH1_RAT;1.6000000000000002e-19;;;;1
20599;Asebogenin;FFAR1_HUMAN;1.23e-39;;;;1
20600;Asebogenin;FFAR1_RAT;7.87e-09;;;;1
20601;Asebogenin;FFAR4_HUMAN;4.9899999999999996e-33;;;;1
20602;Asebogenin;FKB1A_RAT;6.34e-06;;;;1
20603;Asebogenin;FOS_HUMAN;1.67e-08;;;;1
20604;Asebogenin;GABT_RAT;5.22e-06;;;;1
20605;Asebogenin;GCR_HUMAN;;;;0.000236915;1
20606;Asebogenin;GLI1_HUMAN;2.0899999999999998e-07;;;;1
20607;Asebogenin;H9TVJ1_CHISP;1.05e-24;;;;1
20608;Asebogenin;HCAR2_HUMAN;1.35e-11;;;;1
20609;Asebogenin;HPPD_ARATH;1.6099999999999999e-10;;;;1
20610;Asebogenin;HYES_HUMAN;;;;0.9199999999999999;1
20611;Asebogenin;INSR_MOUSE;5.11e-10;;;;1
20612;Asebogenin;KCNA3_MOUSE;1.0400000000000001e-09;;;;1
20613;Asebogenin;KCNB1_HUMAN;2.84e-21;;;;1
20614;Asebogenin;KCND3_HUMAN;3.14e-11;;;;1
20615;Asebogenin;KCNJ2_MOUSE;1.04e-14;;;;1
20616;Asebogenin;KPCB_HUMAN;2.7e-06;;;;1
20617;Asebogenin;KPCE_HUMAN;6.23e-06;;;;1
20618;Asebogenin;KPCG_HUMAN;9.9e-09;;;;1
20619;Asebogenin;KPCL_HUMAN;5.85e-13;;;;1
20620;Asebogenin;LOX15_HUMAN;4.74e-09;;;;1
20621;Asebogenin;LOX15_PIG;3.57e-38;;;;1
20622;Asebogenin;LOX15_RAT;4.3700000000000004e-10;;;;1
20623;Asebogenin;LOX1_SOYBN;1.49e-10;;;;1
20624;Asebogenin;LOX5_HUMAN;3.22e-06;;;0.43528599999999995;2
20625;Asebogenin;LOX5_RAT;2.17e-07;;;;1
20626;Asebogenin;LPAR1_HUMAN;2.21e-07;;;;1
20627;Asebogenin;MDHC_PIG;6.66e-16;;;;1
20628;Asebogenin;MDHM_PIG;3.77e-06;;;;1
20629;Asebogenin;MDR1_HUMAN;1.84e-12;;;;1
20630;Asebogenin;MET_HUMAN;3.31e-06;;;;1
20631;Asebogenin;MGRA_STAAU;2.8e-30;;;;1
20632;Asebogenin;MIF_HUMAN;8.120000000000001e-09;;;;1
20633;Asebogenin;MTCA1_MYCTU;1.0000000000000001e-11;;;;1
20634;Asebogenin;MTR1A_HUMAN;4.1900000000000007e-20;;;;1
20635;Asebogenin;MTR1B_CHICK;1.6e-06;;;;1
20636;Asebogenin;MTR1B_HUMAN;2.22e-16;;;;1
20637;Asebogenin;MTR1C_XENLA;4.370000000000001e-11;;;;1
20638;Asebogenin;MTSI_SPISQ;1.0100000000000001e-19;;;;1
20639;Asebogenin;MYG_HUMAN;6.67e-30;;;;1
20640;Asebogenin;NEP_MOUSE;2.38e-11;;;;1
20641;Asebogenin;NF2L2_HUMAN;6.909999999999999e-07;;;;1
20642;Asebogenin;NMDE2_RAT;1.6199999999999998e-10;;;;1
20643;Asebogenin;NU1M_BOVIN;1.47e-22;;;;1
20644;Asebogenin;OXDA_HUMAN;1.08e-06;;;;1
20645;Asebogenin;P2RX1_MOUSE;1.5400000000000001e-12;;;;1
20646;Asebogenin;P96878_MYCTU;9.65e-11;;;;1
20647;Asebogenin;PA24A_BOVIN;4.89e-09;;;;1
20648;Asebogenin;PA24A_HUMAN;3.6700000000000004e-09;;;;1
20649;Asebogenin;PA2G5_HUMAN;7.35e-06;;;;1
20650;Asebogenin;PA2G5_MOUSE;9.869999999999999e-08;;;;1
20651;Asebogenin;PA2GA_MOUSE;4.1e-07;;;;1
20652;Asebogenin;PA2GA_RABIT;6.769999999999999e-24;;;;1
20653;Asebogenin;PA2GA_RAT;2.71e-10;;;;1
20654;Asebogenin;PCNA_HUMAN;1.49e-19;;;;1
20655;Asebogenin;PDK1_HUMAN;6.9799999999999995e-09;;;;1
20656;Asebogenin;PDK3_HUMAN;7.68e-14;;;;1
20657;Asebogenin;PDK4_HUMAN;7.77e-16;;;;1
20658;Asebogenin;PGH1_HUMAN;;;;0.420415;1
20659;Asebogenin;PGH1_RAT;1.41e-06;;;;1
20660;Asebogenin;PGH2_RAT;3.64e-09;;;;1
20661;Asebogenin;PPO2_AGABI;1.1599999999999998e-22;;;;1
20662;Asebogenin;Q0PJ46_PLAFA;2.2500000000000003e-13;;;;1
20663;Asebogenin;Q25270_LEIDO;5.14e-13;;;;1
20664;Asebogenin;Q3I4V7_CRYNV;6.999999999999999e-30;;;;1
20665;Asebogenin;Q49PX0_9POXV;2.95e-11;;;;1
20666;Asebogenin;Q6UCJ9_TOXGO;4.85e-17;;;;1
20667;Asebogenin;Q6VVP7_PLAFA;6.66e-16;;;;1
20668;Asebogenin;Q7ZJM1_9HIV1;5.74e-06;;;;1
20669;Asebogenin;Q8HY88_BOVIN;1.51e-11;;;;1
20670;Asebogenin;Q9BEG3_BOVIN;1.8e-11;;;;1
20671;Asebogenin;REST_BORBU;4.4699999999999996e-10;;;;1
20672;Asebogenin;S28A3_HUMAN;2.11e-49;;;;1
20673;Asebogenin;S6A13_MOUSE;1.13e-06;;;;1
20674;Asebogenin;SC5A1_HUMAN;2.59e-11;;;;1
20675;Asebogenin;SC5A1_RAT;1.8799999999999998e-20;;;;1
20676;Asebogenin;SC5A2_HUMAN;3.62e-11;;;;1
20677;Asebogenin;SC5A2_RAT;5.79e-20;;;;1
20678;Asebogenin;SC5A4_HUMAN;4.07e-06;;;;1
20679;Asebogenin;SC6A5_HUMAN;3.25e-06;;;;1
20680;Asebogenin;SCN3A_HUMAN;1.1e-06;;;;1
20681;Asebogenin;SENP1_HUMAN;2.73e-08;;;;1
20682;Asebogenin;SHBG_HUMAN;8.689999999999999e-08;;;;1
20683;Asebogenin;SPHK2_HUMAN;1.44e-07;;;;1
20684;Asebogenin;SPRE_HUMAN;3.4e-13;;;;1
20685;Asebogenin;SRC_MOUSE;2.7600000000000004e-09;;;;1
20686;Asebogenin;STXA_SHIDY;5.22e-08;;;;1
20687;Asebogenin;T2R14_HUMAN;4.26e-10;;;;1
20688;Asebogenin;T2R31_HUMAN;1.6600000000000002e-15;;;;1
20689;Asebogenin;TAAR1_HUMAN;6.81e-08;;;;1
20690;Asebogenin;TAAR1_MACMU;2.29e-13;;;;1
20691;Asebogenin;TAAR1_RAT;3.63e-06;;;;1
20692;Asebogenin;TAAR5_HUMAN;2.2299999999999998e-32;;;;1
20693;Asebogenin;TAU_HUMAN;1.2699999999999999e-11;;;;1
20694;Asebogenin;TBB1_HUMAN;8.78e-06;;;;1
20695;Asebogenin;THA_HUMAN;5.48e-10;;;;1
20696;Asebogenin;THB_HUMAN;1.28e-08;;;;1
20697;Asebogenin;TPMT_HUMAN;2.88e-10;;;;1
20698;Asebogenin;TRPA1_RAT;2.0300000000000002e-09;;;;1
20699;Asebogenin;TTHY_HUMAN;7.72e-07;;;;1
20700;Asebogenin;TYRO_HUMAN;4.69e-07;;;;1
20701;Asebogenin;TYTR_CRIFA;9.52e-32;;;;1
20702;Asebogenin;VMAT2_RAT;3.61e-07;;;;1
20703;Asebogenin;XPF_HUMAN;1.55e-06;;;;1
21810;Calomelanen;5HT2B_RAT;1.22e-15;;;;1
21811;Calomelanen;A0A0C7ACN7_PSEAI;2.4899999999999996e-26;;;;1
21812;Calomelanen;A5H660_SCHMA;2.29e-08;;;;1
21813;Calomelanen;AA1R_HUMAN;;;0.111501865;;1
21814;Calomelanen;ABCG2_HUMAN;3.65e-25;;0.111501865;;2
21815;Calomelanen;ACES_HUMAN;2.7600000000000004e-11;;0.111501865;0.593182;3
21816;Calomelanen;ACK1_HUMAN;;;0.111501865;;1
21817;Calomelanen;ACM5_HUMAN;3.95e-08;;;;1
21818;Calomelanen;ADA17_HUMAN;;;0.111501865;;1
21819;Calomelanen;ADRB2_CAVPO;5.5800000000000003e-08;;;;1
21820;Calomelanen;ADRB2_HUMAN;3.07e-10;;;;1
21821;Calomelanen;ADRB2_RAT;6.79e-08;;;;1
21822;Calomelanen;ADRB3_HUMAN;7.56e-12;;;;1
21823;Calomelanen;AHR_RABIT;1.11e-16;;;;1
21824;Calomelanen;AK1BA_HUMAN;8.59e-18;;0.111501865;;2
21825;Calomelanen;AK1C2_HUMAN;1.1900000000000001e-07;;;;1
21826;Calomelanen;AK1C3_HUMAN;5.12e-14;;;;1
21827;Calomelanen;ALDR_RAT;6.27e-20;;;;1
21828;Calomelanen;ALR_HUMAN;5.69e-07;;;;1
21829;Calomelanen;AMPN_HUMAN;6.22e-07;;;;1
21830;Calomelanen;AMPN_PIG;1.73e-06;;;;1
21831;Calomelanen;AOC3_HUMAN;3.81e-09;;;;1
21832;Calomelanen;AOFA_HUMAN;3.4700000000000002e-09;;0.111501865;;2
21833;Calomelanen;AOFB_HUMAN;1.87e-09;;;;1
21834;Calomelanen;ASAH1_HUMAN;4.95e-08;;;;1
21835;Calomelanen;ASF1A_HUMAN;;;0.111501865;;1
21836;Calomelanen;AURKA_HUMAN;;;0.111501865;;1
21837;Calomelanen;AURKB_HUMAN;;;0.111501865;;1
21838;Calomelanen;B0FL73_CAVPO;2.0699999999999997e-11;;;;1
21839;Calomelanen;BMP1_HUMAN;1.64e-21;;;;1
21840;Calomelanen;BRAF_HUMAN;;;0.111501865;;1
21841;Calomelanen;C11B1_HUMAN;1.54e-07;;;;1
21842;Calomelanen;C11B2_HUMAN;5.64e-07;;;;1
21843;Calomelanen;C3TDZ2_ECOLX;3.51e-10;;;;1
21844;Calomelanen;C4YTQ8_CANAW;5.6e-07;;;;1
21845;Calomelanen;CAC1B_HUMAN;2.8500000000000002e-11;;;;1
21846;Calomelanen;CAH12_HUMAN;3.7400000000000004e-08;;;;1
21847;Calomelanen;CAH13_MOUSE;3.68e-17;;;;1
21848;Calomelanen;CAH14_HUMAN;4.2799999999999994e-13;;;;1
21849;Calomelanen;CAH15_MOUSE;5.95e-10;;;;1
21850;Calomelanen;CAH1_HUMAN;6.06e-10;;;;1
21851;Calomelanen;CAH2_HUMAN;6.28e-11;;;;1
21852;Calomelanen;CAH3_HUMAN;8.16e-06;;;;1
21853;Calomelanen;CAH5A_HUMAN;3.7200000000000004e-09;;;;1
21854;Calomelanen;CAH5B_HUMAN;8.69e-09;;;;1
21855;Calomelanen;CAH6_HUMAN;4.13e-11;;;;1
21856;Calomelanen;CAH7_HUMAN;1.4099999999999998e-13;;;;1
21857;Calomelanen;CAH9_HUMAN;1.1899999999999999e-08;;;;1
21858;Calomelanen;CALM1_HUMAN;2.26e-13;;;;1
21859;Calomelanen;CAN1_HUMAN;7.07e-08;;;;1
21860;Calomelanen;CAN_CANAL;1.73e-11;;;;1
21861;Calomelanen;CASP3_HUMAN;;;0.111501865;;1
21862;Calomelanen;CASP7_HUMAN;;;0.111501865;;1
21863;Calomelanen;CBR1_HUMAN;1.42e-13;;;;1
21864;Calomelanen;CDK2_HUMAN;;;0.111501865;;1
21865;Calomelanen;CDK4_HUMAN;;;0.111501865;;1
21866;Calomelanen;CHK1_HUMAN;;;0.111501865;;1
21867;Calomelanen;CP19A_HUMAN;;;0.111501865;0.7575430000000001;2
21868;Calomelanen;CP1A2_HUMAN;3.37e-07;;;;1
21869;Calomelanen;CP1B1_HUMAN;2.1899999999999995e-19;;;;1
21870;Calomelanen;CP24A_HUMAN;4.54e-09;;;;1
21871;Calomelanen;CP24A_RAT;4.5599999999999996e-24;;;;1
21872;Calomelanen;CP26B_HUMAN;1.07e-19;;;;1
21873;Calomelanen;CP27B_MOUSE;1.5099999999999998e-17;;;;1
21874;Calomelanen;CP2C9_HUMAN;6.74e-07;;;;1
21875;Calomelanen;CP2CJ_HUMAN;2.75e-08;;;;1
21876;Calomelanen;CP2D6_HUMAN;;;;0.5567715;1
21877;Calomelanen;CP3A4_HUMAN;3.39e-07;;;;1
21878;Calomelanen;CSF1R_HUMAN;;;0.111501865;;1
21879;Calomelanen;CTBP2_HUMAN;9.59e-14;;;;1
21880;Calomelanen;CXCR4_RAT;5.28e-06;;;;1
21881;Calomelanen;CYSP_PLAFA;1.9300000000000003e-21;;;;1
21882;Calomelanen;DHB2_HUMAN;1.12e-06;;;;1
21883;Calomelanen;DHB3_RAT;2.55e-06;;;;1
21884;Calomelanen;DHI2_HUMAN;;;;0.8985;1
21885;Calomelanen;DMPK_HUMAN;;;0.111501865;;1
21886;Calomelanen;DPO1_THEAQ;9.98e-07;;;;1
21887;Calomelanen;DPOL_HHV6U;8.22e-29;;;;1
21888;Calomelanen;DUS3_HUMAN;;;0.111501865;;1
21889;Calomelanen;DXR_ECOLI;5.78e-10;;;;1
21890;Calomelanen;DXR_MYCTU;1.18e-09;;;;1
21891;Calomelanen;DYR1A_RAT;2.6e-06;;;;1
21892;Calomelanen;E2AK2_HUMAN;;;0.111501865;;1
21893;Calomelanen;EDNRA_HUMAN;9.709999999999999e-07;;;;1
21894;Calomelanen;EDNRA_RAT;1.16e-08;;;;1
21895;Calomelanen;EDNRB_PIG;2.25e-11;;;;1
21896;Calomelanen;EGFR_MOUSE;3.29e-11;;;;1
21897;Calomelanen;EGLN1_HUMAN;2.45e-07;;0.111501865;;2
21898;Calomelanen;ENPL_HUMAN;1.79e-14;;;;1
21899;Calomelanen;ENPP2_MOUSE;1.77e-13;;;;1
21900;Calomelanen;ERAP2_HUMAN;5.7e-08;;;;1
21901;Calomelanen;ERCC1_HUMAN;4.86e-07;;;;1
21902;Calomelanen;ERCC5_HUMAN;1.27e-06;;;;1
21903;Calomelanen;ESR1_HUMAN;5.5e-07;;0.19050211;0.9673333333333335;3
21904;Calomelanen;ESR2_HUMAN;;;0.111501865;;1
21905;Calomelanen;EST1_HUMAN;1.37e-14;;;;1
21906;Calomelanen;EST1_RABIT;1.99e-10;;;;1
21907;Calomelanen;EST2_HUMAN;9.97e-06;;;;1
21908;Calomelanen;EZRI_HUMAN;;;0.111501865;;1
21909;Calomelanen;FAAH1_RAT;6.9e-24;;;;1
21910;Calomelanen;FABI_ECOLI;9.33e-08;;;;1
21911;Calomelanen;FEN1_HUMAN;8.63e-06;;;;1
21912;Calomelanen;FFAR1_HUMAN;7.45e-49;;;;1
21913;Calomelanen;FFAR1_RAT;2.99e-09;;;;1
21914;Calomelanen;FFAR4_HUMAN;2.44e-37;;;;1
21915;Calomelanen;FLT3_HUMAN;6.59e-06;;0.111501865;;2
21916;Calomelanen;FOLH1_RAT;1.94e-06;;;;1
21917;Calomelanen;FOS_HUMAN;1.67e-08;;;;1
21918;Calomelanen;GBRA2_RAT;1.17e-06;;;;1
21919;Calomelanen;GBRA5_RAT;7.36e-06;;;;1
21920;Calomelanen;GBRB3_RAT;6.16e-06;;;;1
21921;Calomelanen;GBRG2_RAT;3.01e-06;;;;1
21922;Calomelanen;GLR_HUMAN;;;0.111501865;;1
21923;Calomelanen;GLUT4_HUMAN;5.22e-21;;;;1
21924;Calomelanen;GNRHR_MOUSE;8.06e-30;;;;1
21925;Calomelanen;GRK6_HUMAN;3.66e-07;;;;1
21926;Calomelanen;GSTM2_HUMAN;;;0.111501865;;1
21927;Calomelanen;GSTP1_HUMAN;;;0.111501865;;1
21928;Calomelanen;H9TVJ1_CHISP;5.59e-20;;;;1
21929;Calomelanen;HCAR2_HUMAN;4.09e-12;;;;1
21930;Calomelanen;HDAC1_HUMAN;2.03e-07;;0.111501865;;2
21931;Calomelanen;HDAC6_HUMAN;9.63e-06;;;;1
21932;Calomelanen;HDAC8_HUMAN;4.5400000000000003e-10;;0.111501865;;2
21933;Calomelanen;HISX_BRAOC;2.86e-07;;;;1
21934;Calomelanen;HPPD_ARATH;1.11e-09;;;;1
21935;Calomelanen;HS90A_HUMAN;2.11e-06;;0.111501865;;2
21936;Calomelanen;HS90B_HUMAN;;;0.111501865;;1
21937;Calomelanen;HSC82_YEAST;3.0499999999999997e-33;;;;1
21938;Calomelanen;HXK4_HUMAN;;;0.111501865;;1
21939;Calomelanen;HYES_HUMAN;;;;0.9247500000000001;1
21940;Calomelanen;IKKA_HUMAN;;;0.111501865;;1
21941;Calomelanen;IKKB_HUMAN;;;0.111501865;;1
21942;Calomelanen;INHA_MYCTU;9.18e-06;;;;1
21943;Calomelanen;INSR_MOUSE;5.11e-10;;;;1
21944;Calomelanen;JAK2_HUMAN;;;0.111501865;;1
21945;Calomelanen;KCNA1_HUMAN;2.52e-08;;;;1
21946;Calomelanen;KCNA3_HUMAN;6.09e-06;;;;1
21947;Calomelanen;KCNA3_MOUSE;3.13e-19;;;;1
21948;Calomelanen;KCNA5_HUMAN;1.65e-11;;;;1
21949;Calomelanen;KCNB1_HUMAN;2.84e-21;;;;1
21950;Calomelanen;KCND3_HUMAN;5.0599999999999996e-24;;;;1
21951;Calomelanen;KCNJ2_MOUSE;3.379999999999999e-69;;;;1
21952;Calomelanen;KSYK_HUMAN;;;0.111501865;;1
21953;Calomelanen;LEP_ECOLI;2.25e-08;;;;1
21954;Calomelanen;LOX15_HUMAN;1.6e-12;;;;1
21955;Calomelanen;LOX15_PIG;3.57e-38;;;;1
21956;Calomelanen;LOX15_RAT;1.08e-28;;;;1
21957;Calomelanen;LOX1_SOYBN;1.15e-13;;;;1
21958;Calomelanen;LOX5_HUMAN;3.68e-14;;0.111501865;0.47840299999999997;3
21959;Calomelanen;LOX5_RAT;2.2500000000000002e-21;;;;1
21960;Calomelanen;LPAR1_HUMAN;1.06e-12;;;;1
21961;Calomelanen;LPAR5_HUMAN;5.26e-08;;;;1
21962;Calomelanen;LRP6_HUMAN;8.85e-07;;;;1
21963;Calomelanen;LT4R1_HUMAN;2.21e-24;;;;1
21964;Calomelanen;LUCI_PHOPY;3.83e-08;;;;1
21965;Calomelanen;MDHC_HUMAN;2.0299999999999998e-24;;;;1
21966;Calomelanen;MDHC_PIG;5.820000000000001e-33;;;;1
21967;Calomelanen;MDHM_PIG;2.34e-17;;;;1
21968;Calomelanen;MDR1_HUMAN;3.33e-16;;;;1
21969;Calomelanen;MGRA_STAAU;2.8e-30;;;;1
21970;Calomelanen;MIF_HUMAN;3.88e-11;;;;1
21971;Calomelanen;MMP10_HUMAN;;;0.111501865;;1
21972;Calomelanen;MMP12_HUMAN;1.78e-07;;;;1
21973;Calomelanen;MMP13_HUMAN;2.38e-09;;;;1
21974;Calomelanen;MMP16_HUMAN;1.23e-13;;;;1
21975;Calomelanen;MMP1_HUMAN;5.12e-14;;;;1
21976;Calomelanen;MMP2_HUMAN;2.07e-07;;0.111501865;;2
21977;Calomelanen;MMP3_HUMAN;3.28e-10;;;;1
21978;Calomelanen;MMP7_HUMAN;;;0.111501865;;1
21979;Calomelanen;MMP8_HUMAN;3.2600000000000003e-07;;;;1
21980;Calomelanen;MMP9_HUMAN;1.67e-12;;;;1
21981;Calomelanen;MOT4_HUMAN;4.46e-12;;;;1
21982;Calomelanen;MRCKA_HUMAN;;;0.111501865;;1
21983;Calomelanen;MTCA1_MYCTU;2.02e-09;;;;1
21984;Calomelanen;MTR1A_HUMAN;1.73e-58;;;;1
21985;Calomelanen;MTR1B_CHICK;1.15e-47;;;;1
21986;Calomelanen;MTR1B_HUMAN;1.8200000000000002e-42;;;;1
21987;Calomelanen;MTSI_SPISQ;3.6999999999999996e-18;;;;1
21988;Calomelanen;NEP_MOUSE;2.38e-11;;;;1
21989;Calomelanen;NF2L2_HUMAN;1.27e-10;;;;1
21990;Calomelanen;NFKB1_HUMAN;6.94e-07;;;0.857115;2
21991;Calomelanen;NLRP3_HUMAN;5.3e-07;;;;1
21992;Calomelanen;NMDE2_MOUSE;9.64e-08;;;;1
21993;Calomelanen;NPCL1_RAT;5.599999999999999e-20;;;;1
21994;Calomelanen;NQO2_HUMAN;7.64e-14;;;;1
21995;Calomelanen;NU1M_BOVIN;5.27e-35;;;;1
21996;Calomelanen;OXDA_HUMAN;4.7e-06;;;;1
21997;Calomelanen;P2RX1_MOUSE;1.15e-31;;;;1
21998;Calomelanen;P90584_PLAFA;3.07e-07;;;;1
21999;Calomelanen;P96878_MYCTU;1.35e-08;;;;1
22000;Calomelanen;PA24A_BOVIN;7.05e-07;;;;1
22001;Calomelanen;PA24A_HUMAN;2.69e-18;;;;1
22002;Calomelanen;PA2G5_HUMAN;7.35e-06;;;;1
22003;Calomelanen;PA2G5_MOUSE;9.869999999999999e-08;;;;1
22004;Calomelanen;PA2GA_MOUSE;4.1e-07;;;;1
22005;Calomelanen;PA2GA_RABIT;6.769999999999999e-24;;;;1
22006;Calomelanen;PA2GA_RAT;2.71e-10;;;;1
22007;Calomelanen;PD2R_HUMAN;5.51e-14;;;;1
22008;Calomelanen;PDK1_HUMAN;2.75e-11;;;;1
22009;Calomelanen;PDK3_HUMAN;6.77e-15;;;;1
22010;Calomelanen;PDK4_HUMAN;4.57e-17;;;;1
22011;Calomelanen;PE2R4_HUMAN;8.88e-09;;;;1
22012;Calomelanen;PGFRA_MOUSE;8.88e-16;;;;1
22013;Calomelanen;PGFRB_MOUSE;1.93e-07;;;;1
22014;Calomelanen;PGH1_HUMAN;;;;0.6425420000000001;1
22015;Calomelanen;PGH1_RAT;1.3700000000000001e-36;;;;1
22016;Calomelanen;PGH1_SHEEP;1.74e-06;;;;1
22017;Calomelanen;PGH2_RAT;4.79e-37;;;;1
22018;Calomelanen;PGH2_SHEEP;3.54e-08;;;;1
22019;Calomelanen;PHLP2_HUMAN;3.3e-07;;;;1
22020;Calomelanen;PIM2_HUMAN;;;0.111501865;;1
22021;Calomelanen;PK3CA_HUMAN;;;0.111501865;;1
22022;Calomelanen;PK3CB_HUMAN;;;0.111501865;;1
22023;Calomelanen;PK3CG_HUMAN;;;0.111501865;;1
22024;Calomelanen;PKNB_MYCTU;1.0300000000000001e-07;;;;1
22025;Calomelanen;PLAP_HUMAN;2.92e-06;;0.111501865;;2
22026;Calomelanen;PLK1_HUMAN;;;0.111501865;;1
22027;Calomelanen;PLPL6_MOUSE;3.4e-06;;;;1
22028;Calomelanen;POLG_WNV;2.0399999999999997e-07;;;;1
22029;Calomelanen;PPARA_HUMAN;2.87e-06;;;;1
22030;Calomelanen;PPARD_HUMAN;1.71e-08;;;;1
22031;Calomelanen;PPARG_HUMAN;6.56e-06;;;;1
22032;Calomelanen;PPBI_MOUSE;4.56e-07;;;;1
22033;Calomelanen;PPBN_HUMAN;1.95e-07;;0.111501865;;2
22034;Calomelanen;PPBT_HUMAN;1.1900000000000001e-07;;;;1
22035;Calomelanen;PPO2_AGABI;1.1100000000000002e-24;;;;1
22036;Calomelanen;PRIO_SHEEP;3.37e-09;;;;1
22037;Calomelanen;PTAFR_HUMAN;1.41e-14;;;;1
22038;Calomelanen;PTGES_HUMAN;;;;0.668683;1
22039;Calomelanen;PTN1_HUMAN;6.39e-06;;;;1
22040;Calomelanen;PTPRB_HUMAN;4.16e-08;;;;1
22041;Calomelanen;PVDQ_PSEAE;1.56e-06;;;;1
22042;Calomelanen;Q0PJ46_PLAFA;1.71e-39;;;;1
22043;Calomelanen;Q16198_HUMAN;8.19e-31;;;;1
22044;Calomelanen;Q25270_LEIDO;2.92e-06;;;;1
22045;Calomelanen;Q25615_ONCVO;9.73e-07;;;;1
22046;Calomelanen;Q3I4V7_CRYNV;7.95e-24;;;;1
22047;Calomelanen;Q49PX0_9POXV;3.3300000000000004e-20;;;;1
22048;Calomelanen;Q63380_RAT;3.31e-06;;;;1
22049;Calomelanen;Q6UCJ9_TOXGO;1.7700000000000002e-18;;;;1
22050;Calomelanen;Q6VVP7_PLAFA;5.820000000000001e-33;;;;1
22051;Calomelanen;Q7ZJM1_9HIV1;2.7699999999999997e-09;;;;1
22052;Calomelanen;Q8HY88_BOVIN;1.51e-11;;;;1
22053;Calomelanen;Q8QGU2_CHICK;1.3000000000000001e-12;;;;1
22054;Calomelanen;Q965D7_PLAFA;2.7e-07;;;;1
22055;Calomelanen;Q9BEG3_BOVIN;6.55e-12;;;;1
22056;Calomelanen;Q9I056_PSEAE;1.24e-13;;;;1
22057;Calomelanen;RAF1_HUMAN;;;0.111501865;;1
22058;Calomelanen;REST_BORBU;4.4699999999999996e-10;;;;1
22059;Calomelanen;RET_HUMAN;;;0.111501865;;1
22060;Calomelanen;ROCK1_HUMAN;;;0.111501865;;1
22061;Calomelanen;RYR2_HUMAN;8.73e-06;;;;1
22062;Calomelanen;S22A6_RAT;8.890000000000001e-08;;;;1
22063;Calomelanen;S22AC_HUMAN;7.71e-06;;;;1
22064;Calomelanen;S28A3_HUMAN;6.71e-44;;;;1
22065;Calomelanen;S6A11_MOUSE;9.33e-15;;;;1
22066;Calomelanen;S6A13_MOUSE;4.65e-20;;;;1
22067;Calomelanen;SC5A1_HUMAN;8.849999999999999e-12;;;;1
22068;Calomelanen;SC5A1_RAT;3.06e-18;;;;1
22069;Calomelanen;SC5A2_HUMAN;1.8700000000000003e-12;;;;1
22070;Calomelanen;SC5A2_RAT;1.2e-18;;;;1
22071;Calomelanen;SC5A5_RAT;3.9499999999999995e-60;;;;1
22072;Calomelanen;SCN3A_HUMAN;1.1e-06;;;;1
22073;Calomelanen;SCNNA_HUMAN;3.77e-12;;;;1
22074;Calomelanen;SENP1_HUMAN;2.41e-09;;;;1
22075;Calomelanen;SENP6_HUMAN;4.0899999999999996e-08;;;;1
22076;Calomelanen;SENP7_HUMAN;1.24e-12;;;;1
22077;Calomelanen;SHBG_HUMAN;2.1399999999999998e-07;;;;1
22078;Calomelanen;SMS1_HUMAN;3.65e-11;;;;1
22079;Calomelanen;SPHK2_HUMAN;9.810000000000001e-08;;;;1
22080;Calomelanen;SPRE_HUMAN;3.3e-07;;;;1
22081;Calomelanen;SRC_MOUSE;2.7600000000000004e-09;;;;1
22082;Calomelanen;STF1_HUMAN;;;0.111501865;;1
22083;Calomelanen;STRP_STRP1;1.7899999999999997e-07;;;;1
22084;Calomelanen;STXA_SHIDY;2.1899999999999997e-09;;;;1
22085;Calomelanen;SUV91_HUMAN;4.94e-10;;;;1
22086;Calomelanen;SYK_HUMAN;6.429999999999999e-07;;;;1
22087;Calomelanen;T2R14_HUMAN;5.85e-34;;;;1
22088;Calomelanen;T2R31_HUMAN;2.1399999999999997e-13;;;;1
22089;Calomelanen;TAAR1_HUMAN;3.23e-06;;;;1
22090;Calomelanen;TAAR1_RAT;4.14e-06;;;;1
22091;Calomelanen;TAU_HUMAN;3.37e-10;;;;1
22092;Calomelanen;TBB1_HUMAN;4.1399999999999994e-08;;0.111501865;;2
22093;Calomelanen;TBB2B_BOVIN;9.64e-14;;;;1
22094;Calomelanen;TGT_HUMAN;1.98e-21;;;;1
22095;Calomelanen;THA_HUMAN;5.05e-11;;;;1
22096;Calomelanen;THB_HUMAN;4.78e-10;;;;1
22097;Calomelanen;TLR4_MOUSE;2.3199999999999997e-13;;;;1
22098;Calomelanen;TNFA_HUMAN;;;0.111501865;;1
22099;Calomelanen;TNR1A_HUMAN;4.83e-06;;;;1
22100;Calomelanen;TPMT_HUMAN;2.88e-10;;;;1
22101;Calomelanen;TRPA1_RAT;9.46e-14;;;;1
22102;Calomelanen;TS1R1_HUMAN;4.44e-16;;;;1
22103;Calomelanen;TS1R3_HUMAN;1.41e-06;;;;1
22104;Calomelanen;TTHY_HUMAN;1.16e-06;;;;1
22105;Calomelanen;TYTR_CRIFA;9.52e-32;;;;1
22106;Calomelanen;UBC9_HUMAN;2.0800000000000003e-09;;;;1
22107;Calomelanen;VMAT2_RAT;1.64e-17;;;;1
22108;Calomelanen;WEE1_HUMAN;;;0.111501865;;1
22109;Calomelanen;XPF_HUMAN;4.86e-07;;;;1
31480;Neohesperidin dihydrochalcone;ADK_TOXGO;4.34e-07;;;;1
31481;Neohesperidin dihydrochalcone;AL1A2_HUMAN;1.16e-09;;;;1
31482;Neohesperidin dihydrochalcone;AL1B1_HUMAN;1.16e-09;;;;1
31483;Neohesperidin dihydrochalcone;ALDR_RAT;1.66e-07;;;;1
31484;Neohesperidin dihydrochalcone;AMY1_HUMAN;1.6e-26;;;;1
31485;Neohesperidin dihydrochalcone;AMYP_HUMAN;1.8800000000000002e-59;;;;1
31486;Neohesperidin dihydrochalcone;B4EH87_BURCJ;3.9899999999999997e-28;;;;1
31487;Neohesperidin dihydrochalcone;B4GT1_BOVIN;1.7699999999999998e-44;;;;1
31488;Neohesperidin dihydrochalcone;CAH12_HUMAN;4.85e-09;;;;1
31489;Neohesperidin dihydrochalcone;CAH13_HUMAN;2.3e-06;;;;1
31490;Neohesperidin dihydrochalcone;CAH14_HUMAN;1.0900000000000001e-07;;;;1
31491;Neohesperidin dihydrochalcone;CAH7_HUMAN;9.63e-06;;;;1
31492;Neohesperidin dihydrochalcone;CAH9_HUMAN;6.349999999999999e-08;;;;1
31493;Neohesperidin dihydrochalcone;CP19A_HUMAN;;;;0.6562855;1
31494;Neohesperidin dihydrochalcone;CP2D6_HUMAN;;;;0.4650155;1
31495;Neohesperidin dihydrochalcone;DHB3_HUMAN;;;;0.9192500000000001;1
31496;Neohesperidin dihydrochalcone;DHB4_HUMAN;;;;0.07897328971283334;1
31497;Neohesperidin dihydrochalcone;DHI2_HUMAN;;;;0.777272;1
31498;Neohesperidin dihydrochalcone;ERAP1_HUMAN;8.58e-08;;;;1
31499;Neohesperidin dihydrochalcone;ESR1_HUMAN;;;;0.9641666666666666;1
31500;Neohesperidin dihydrochalcone;FAS_CHICK;5.41e-34;;;;1
31501;Neohesperidin dihydrochalcone;FGF1_HUMAN;4.29e-27;;;;1
31502;Neohesperidin dihydrochalcone;FGF2_HUMAN;6.5e-24;;;;1
31503;Neohesperidin dihydrochalcone;FIMH_ECOLI;2.1999999999999998e-75;;;;1
31504;Neohesperidin dihydrochalcone;HPSE_HUMAN;1.96e-07;;;;1
31505;Neohesperidin dihydrochalcone;HYES_HUMAN;;;;0.9420000000000001;1
31506;Neohesperidin dihydrochalcone;IL2_HUMAN;3.23e-28;;;;1
31507;Neohesperidin dihydrochalcone;IL5_MOUSE;7.59e-12;;;;1
31508;Neohesperidin dihydrochalcone;KLRBA_RAT;8.17e-22;;;;1
31509;Neohesperidin dihydrochalcone;LEG1_HUMAN;5.75e-11;;;;1
31510;Neohesperidin dihydrochalcone;LEG3_HUMAN;3.0899999999999997e-37;;;;1
31511;Neohesperidin dihydrochalcone;LEG4_HUMAN;1.4099999999999998e-45;;;;1
31512;Neohesperidin dihydrochalcone;LEG7_HUMAN;2.6899999999999995e-21;;;;1
31513;Neohesperidin dihydrochalcone;LEG8_HUMAN;1.4099999999999998e-45;;;;1
31514;Neohesperidin dihydrochalcone;LEG9_HUMAN;8.87e-24;;;;1
31515;Neohesperidin dihydrochalcone;LYAM1_HUMAN;9.559999999999999e-11;;;;1
31516;Neohesperidin dihydrochalcone;LYAM3_HUMAN;4.07e-10;;;;1
31517;Neohesperidin dihydrochalcone;MCR_HUMAN;;;;0.3693069566666667;1
31518;Neohesperidin dihydrochalcone;MK14_HUMAN;;;;0.154858;1
31519;Neohesperidin dihydrochalcone;NMUR2_HUMAN;3.3e-09;;;;1
31520;Neohesperidin dihydrochalcone;O96394_LEIAM;9.91e-23;;;;1
31521;Neohesperidin dihydrochalcone;PARG_RAT;9.83e-07;;;;1
31522;Neohesperidin dihydrochalcone;PDIA1_HUMAN;1.38e-33;;;;1
31523;Neohesperidin dihydrochalcone;PGH1_HUMAN;;;;0.321851;1
31524;Neohesperidin dihydrochalcone;PPARA_HUMAN;;;;0.0874465;1
31525;Neohesperidin dihydrochalcone;PPO2_AGABI;3.5399999999999998e-09;;;;1
31526;Neohesperidin dihydrochalcone;PTGES_HUMAN;;;;0.49216899999999997;1
31527;Neohesperidin dihydrochalcone;PTN1_HUMAN;;;;0.9279999999999999;1
31528;Neohesperidin dihydrochalcone;Q1R2J4_ECOUT;1.1300000000000001e-23;;;;1
31529;Neohesperidin dihydrochalcone;Q49PX0_9POXV;6.6e-08;;;;1
31530;Neohesperidin dihydrochalcone;Q6INT1_XENLA;;;;0.74166;1
31531;Neohesperidin dihydrochalcone;RASH_HUMAN;7.05e-12;;;;1
31532;Neohesperidin dihydrochalcone;S28A3_HUMAN;1.9999999999999998e-54;;;;1
31533;Neohesperidin dihydrochalcone;S5A1_HUMAN;;;0.478021575;;1
31534;Neohesperidin dihydrochalcone;SC5A1_HUMAN;2.5399999999999998e-42;;;;1
31535;Neohesperidin dihydrochalcone;SC5A1_RAT;3.4799999999999994e-48;;;;1
31536;Neohesperidin dihydrochalcone;SC5A2_HUMAN;2.3099999999999994e-74;;;;1
31537;Neohesperidin dihydrochalcone;SC5A2_RAT;1.0299999999999999e-40;;;;1
31538;Neohesperidin dihydrochalcone;SC5A4_HUMAN;9.99e-16;;;;1
31539;Neohesperidin dihydrochalcone;SHBG_HUMAN;3.95e-06;;;;1
31540;Neohesperidin dihydrochalcone;TAU_HUMAN;2.07e-06;;;;1
31541;Neohesperidin dihydrochalcone;TYDP1_HUMAN;2.36e-08;;;;1
31542;Neohesperidin dihydrochalcone;TYRO_HUMAN;5.63e-35;;;;1
31543;Neohesperidin dihydrochalcone;VEGFA_HUMAN;1.25e-17;;;;1
31727;Phloretin;1433G_HUMAN;;;0.100578902;;1
31728;Phloretin;6PGD_HUMAN;;;0.100578902;;1
31729;Phloretin;A0A0C7ACN7_PSEAI;1.23e-19;;;;1
31730;Phloretin;A4_HUMAN;;;0.100578902;;1
31731;Phloretin;ABL1_HUMAN;;;0.100578902;;1
31732;Phloretin;ACES_HUMAN;;;0.100578902;;1
31733;Phloretin;ACLY_RAT;2.92e-06;;;;1
31734;Phloretin;ADA17_HUMAN;;;0.100578902;;1
31735;Phloretin;ADA1B_HUMAN;;;0.100578902;;1
31736;Phloretin;ADA1D_HUMAN;;;0.100578902;;1
31737;Phloretin;ADCY5_HUMAN;;;0.100578902;;1
31738;Phloretin;AK1BA_HUMAN;2.18e-17;;;;1
31739;Phloretin;AMPL_PIG;1.3400000000000001e-09;;;;1
31740;Phloretin;AOFB_HUMAN;;;0.100578902;;1
31741;Phloretin;ARP19_RAT;1.7e-20;;;;1
31742;Phloretin;B5SU02_STYPI;3.11e-07;;;;1
31743;Phloretin;BGLR_RAT;1.4400000000000001e-15;;;;1
31744;Phloretin;C0IX24_STYPI;1.78e-07;;;;1
31745;Phloretin;CAH13_MOUSE;5.19e-07;;;;1
31746;Phloretin;CAH14_HUMAN;3.75e-06;;;;1
31747;Phloretin;CAH15_MOUSE;2.79e-06;;;;1
31748;Phloretin;CAH3_HUMAN;1.8999999999999998e-08;;;;1
31749;Phloretin;CAH5A_HUMAN;3.14e-07;;0.100578902;;2
31750;Phloretin;CAH5B_HUMAN;7e-08;;0.100578902;;2
31751;Phloretin;CAH6_HUMAN;7.96e-09;;0.100578902;;2
31752;Phloretin;CAH7_HUMAN;2.45e-07;;;;1
31753;Phloretin;CALM1_HUMAN;1.49e-08;;;;1
31754;Phloretin;CAN_CANAL;3.25e-14;;;;1
31755;Phloretin;CAN_YEAST;9.66e-08;;;;1
31756;Phloretin;CHK1_HUMAN;;;0.100578902;;1
31757;Phloretin;CP19A_HUMAN;;;0.100578902;0.489961;2
31758;Phloretin;CP1A2_HUMAN;0.6159;;;;1
31759;Phloretin;CP24A_RAT;8.36e-20;;;;1
31760;Phloretin;CP26B_HUMAN;3.15e-12;;;;1
31761;Phloretin;CP3A4_HUMAN;0.6618;;;;1
31762;Phloretin;CTBP2_HUMAN;1.02e-11;;;;1
31763;Phloretin;DHB14_HUMAN;;;0.100578902;;1
31764;Phloretin;DHB1_HUMAN;;;0.100578902;;1
31765;Phloretin;DHB2_HUMAN;;;0.100578902;;1
31766;Phloretin;DHB3_HUMAN;3.8100000000000004e-08;;0.100578902;;2
31767;Phloretin;DHB4_HUMAN;;;;0.4743854733333333;1
31768;Phloretin;DHI2_HUMAN;;;;0.8967499999999999;1
31769;Phloretin;DPOLB_RAT;2.0500000000000002e-10;;;;1
31770;Phloretin;DRD1_HUMAN;;;0.100578902;;1
31771;Phloretin;E2AK2_HUMAN;;;0.100578902;;1
31772;Phloretin;ERBB2_HUMAN;;;0.100578902;;1
31773;Phloretin;ESR1_HUMAN;1.1699999999999999e-07;;1.0;0.953075;3
31774;Phloretin;ESR2_HUMAN;8.15e-07;;0.10877096900000001;;2
31775;Phloretin;EST1_HUMAN;5.67e-07;;;;1
31776;Phloretin;FAAH1_RAT;3.17e-11;;;;1
31777;Phloretin;FFAR1_HUMAN;6.449999999999999e-30;;;;1
31778;Phloretin;FFAR4_HUMAN;1.3300000000000001e-21;;;;1
31779;Phloretin;FKB1A_RAT;7.08e-06;;;;1
31780;Phloretin;FLT3_HUMAN;;;0.100578902;;1
31781;Phloretin;GABT_RAT;1.31e-06;;;;1
31782;Phloretin;GLI1_HUMAN;2.3100000000000002e-07;;0.100578902;;2
31783;Phloretin;GLI2_HUMAN;;;0.100578902;;1
31784;Phloretin;GLR_HUMAN;;;0.100578902;;1
31785;Phloretin;H9TVJ1_CHISP;1.1000000000000001e-27;;;;1
31786;Phloretin;HCAR2_HUMAN;1.4699999999999998e-10;;;;1
31787;Phloretin;HDAC6_HUMAN;;;0.100578902;;1
31788;Phloretin;HPPD_ARATH;1.3800000000000002e-09;;;;1
31789;Phloretin;HS90A_HUMAN;;;0.100578902;;1
31790;Phloretin;HYES_HUMAN;;;;0.9199999999999999;1
31791;Phloretin;IBP3_HUMAN;;;0.100578902;;1
31792;Phloretin;INSR_HUMAN;;;0.100578902;;1
31793;Phloretin;KPCL_HUMAN;6.58e-07;;;;1
31794;Phloretin;KSYK_HUMAN;;;0.100578902;;1
31795;Phloretin;LOX15_HUMAN;2.76e-10;;;;1
31796;Phloretin;LOX15_RABIT;4e-07;;;;1
31797;Phloretin;LOX15_RAT;1.2e-07;;;;1
31798;Phloretin;LOX5_HUMAN;;;0.10877096900000001;;1
31799;Phloretin;MGRA_STAAU;2.26e-33;;;;1
31800;Phloretin;MK14_HUMAN;;;0.100578902;;1
31801;Phloretin;MMP3_HUMAN;;;0.100578902;;1
31802;Phloretin;MMP7_HUMAN;;;0.100578902;;1
31803;Phloretin;MTCA1_MYCTU;3.44e-10;;;;1
31804;Phloretin;MTSI_SPISQ;2.17e-09;;;;1
31805;Phloretin;NMDE2_RAT;1.27e-10;;;;1
31806;Phloretin;NOX4_HUMAN;;;0.100578902;;1
31807;Phloretin;NQO2_HUMAN;;;0.100578902;;1
31808;Phloretin;P2RX1_MOUSE;2.8000000000000003e-09;;;;1
31809;Phloretin;PA24A_BOVIN;8.99e-06;;;;1
31810;Phloretin;PA2G5_HUMAN;7.06e-06;;0.100578902;;2
31811;Phloretin;PA2G5_MOUSE;9.359999999999999e-08;;;;1
31812;Phloretin;PA2GA_HUMAN;;;0.100578902;;1
31813;Phloretin;PA2GA_MOUSE;3.9e-07;;;;1
31814;Phloretin;PA2GA_RABIT;5.68e-24;;;;1
31815;Phloretin;PA2GA_RAT;2.52e-10;;;;1
31816;Phloretin;PGFRB_HUMAN;;;0.100578902;;1
31817;Phloretin;PGH1_HUMAN;;;0.100578902;;1
31818;Phloretin;PPO1_AGABI;7.63e-09;;;;1
31819;Phloretin;PPO2_AGABI;9.13e-25;;;;1
31820;Phloretin;Q25270_LEIDO;1.43e-11;;;;1
31821;Phloretin;Q2PCB5_DICLA;4.2399999999999996e-17;;;;1
31822;Phloretin;Q3I4V7_CRYNV;1.1400000000000001e-26;;;;1
31823;Phloretin;Q49PX0_9POXV;5.22e-08;;;;1
31824;Phloretin;Q5U9J1_THAWE;8.12e-07;;;;1
31825;Phloretin;Q965D6_PLAFA;1.03e-06;;;;1
31826;Phloretin;Q965D7_PLAFA;2.06e-06;;;;1
31827;Phloretin;Q9BEG3_BOVIN;4.669999999999999e-12;;;;1
31828;Phloretin;S28A3_HUMAN;1.35e-56;;;;1
31829;Phloretin;SC5A1_HUMAN;1.36e-10;38.5;;;2
31830;Phloretin;SC5A1_RAT;2.5699999999999998e-23;;;;1
31831;Phloretin;SC5A2_HUMAN;1.56e-09;;;;1
31832;Phloretin;SC5A2_RAT;1.4100000000000001e-22;;;;1
31833;Phloretin;SC5A4_HUMAN;6.620000000000001e-07;;;;1
31834;Phloretin;SFRP1_HUMAN;;;0.100578902;;1
31835;Phloretin;SGK1_HUMAN;;;0.100578902;;1
31836;Phloretin;SHBG_HUMAN;;;0.100578902;;1
31837;Phloretin;SYUA_HUMAN;;;0.100578902;;1
31838;Phloretin;TAAR1_MACMU;2.98e-13;;;;1
31839;Phloretin;TERT_HUMAN;;;0.100578902;;1
31840;Phloretin;TF_HUMAN;;;0.100578902;;1
31841;Phloretin;TOP1_HUMAN;;;0.100578902;;1
31842;Phloretin;TYRO_HUMAN;8.02e-22;;0.100578902;;2
31843;Phloretin;TYTR_CRIFA;1.9800000000000002e-34;;;;1
31844;Phloretin;WEE1_HUMAN;;;0.100578902;;1
31985;Phloretin xyloglucoside;AL1A2_HUMAN;5.5e-10;;;;1
31986;Phloretin xyloglucoside;AL1B1_HUMAN;5.5e-10;;;;1
31987;Phloretin xyloglucoside;B4EH87_BURCJ;3.5299999999999996e-13;;;;1
31988;Phloretin xyloglucoside;CP19A_HUMAN;;;0.11450335800000001;0.6692125;2
31989;Phloretin xyloglucoside;DHB4_HUMAN;;;;0.15382004333333332;1
31990;Phloretin xyloglucoside;DHI2_HUMAN;;;;0.8967499999999999;1
31991;Phloretin xyloglucoside;ERAP1_HUMAN;2.2699999999999998e-07;;;;1
31992;Phloretin xyloglucoside;ESR1_HUMAN;;;;0.9528833333333333;1
31993;Phloretin xyloglucoside;FAS_CHICK;1.6699999999999997e-33;;;;1
31994;Phloretin xyloglucoside;FGF1_HUMAN;4.2e-08;;;;1
31995;Phloretin xyloglucoside;FGF2_HUMAN;3.27e-07;;;;1
31996;Phloretin xyloglucoside;FIMH_ECOLI;2.3099999999999998e-57;;;;1
31997;Phloretin xyloglucoside;HES1_MOUSE;8.39e-14;;;;1
31998;Phloretin xyloglucoside;HYES_HUMAN;;;0.169660852;;1
31999;Phloretin xyloglucoside;IL2_HUMAN;2.8899999999999996e-25;;;;1
32000;Phloretin xyloglucoside;IL5_MOUSE;2.9e-12;;;;1
32001;Phloretin xyloglucoside;NMUR2_HUMAN;6.83e-10;;;;1
32002;Phloretin xyloglucoside;O96394_LEIAM;1.47e-08;;;;1
32003;Phloretin xyloglucoside;PDIA1_HUMAN;5.199999999999999e-26;;;;1
32004;Phloretin xyloglucoside;PPO2_AGABI;4.01e-12;;;;1
32005;Phloretin xyloglucoside;Q1R2J4_ECOUT;3.84e-17;;;;1
32006;Phloretin xyloglucoside;Q6INT1_XENLA;;;;0.340276;1
32007;Phloretin xyloglucoside;S28A3_HUMAN;2.6399999999999996e-76;;0.151273102;;2
32008;Phloretin xyloglucoside;SC5A1_HUMAN;8.440000000000002e-27;;0.335214745;;2
32009;Phloretin xyloglucoside;SC5A1_RAT;2.3199999999999996e-57;;;;1
32010;Phloretin xyloglucoside;SC5A2_HUMAN;3.17e-35;;0.307575351;;2
32011;Phloretin xyloglucoside;SC5A2_RAT;1.1599999999999999e-47;;;;1
32012;Phloretin xyloglucoside;SC5A4_HUMAN;1.6e-17;;0.298433028;;2
32013;Phloretin xyloglucoside;SYYC_HUMAN;1.15e-09;;;;1
32014;Phloretin xyloglucoside;TYDP1_HUMAN;1.6399999999999999e-07;;;;1
32015;Phloretin xyloglucoside;TYRO_HUMAN;1.86e-46;;;;1
32016;Phloridzin;AA2AR_HUMAN;;;0.118883307;;1
32017;Phloridzin;AA2BR_HUMAN;;;0.118883307;;1
32018;Phloridzin;ADA17_HUMAN;;;0.118883307;;1
32019;Phloridzin;ADK_HUMAN;;;0.118883307;;1
32020;Phloridzin;AL1A2_HUMAN;3.1e-12;;;;1
32021;Phloridzin;AL1B1_HUMAN;3.1e-12;;;;1
32022;Phloridzin;ALDR_HUMAN;;;0.118883307;;1
32023;Phloridzin;ALDR_RAT;2.36e-08;;;;1
32024;Phloridzin;B4EH87_BURCJ;1.6999999999999998e-43;;;;1
32025;Phloridzin;B4GT1_BOVIN;5.17e-43;;;;1
32026;Phloridzin;CAH12_HUMAN;2.1000000000000002e-10;;;;1
32027;Phloridzin;CAH14_HUMAN;8.709999999999999e-07;;0.118883307;;2
32028;Phloridzin;CAH1_HUMAN;1.31e-06;;;;1
32029;Phloridzin;CAH7_HUMAN;1.71e-06;;;;1
32030;Phloridzin;CAH9_HUMAN;9.95e-09;;;;1
32031;Phloridzin;CHK1_HUMAN;;;0.118883307;;1
32032;Phloridzin;CP19A_HUMAN;;;0.118883307;0.5614963333333333;2
32033;Phloridzin;DHB4_HUMAN;;;;0.1389085733333333;1
32034;Phloridzin;DHI2_HUMAN;;;;0.8955;1
32035;Phloridzin;ERAP1_HUMAN;1.21e-09;;;;1
32036;Phloridzin;ESR1_HUMAN;;;0.118883307;0.9506380952380953;2
32037;Phloridzin;FAS_CHICK;1.6899999999999997e-43;;;;1
32038;Phloridzin;FGF1_HUMAN;2.57e-17;;;;1
32039;Phloridzin;FGF2_HUMAN;2.55e-15;;;;1
32040;Phloridzin;FIMH_ECOLI;6.959999999999998e-132;;;;1
32041;Phloridzin;GDE_RABIT;1.13e-11;;;;1
32042;Phloridzin;GLCM_HUMAN;;;0.118883307;;1
32043;Phloridzin;HXK1_HUMAN;4.1399999999999994e-08;;;;1
32044;Phloridzin;HXK2_HUMAN;5.9e-09;;;;1
32045;Phloridzin;HYES_HUMAN;;;0.151057725;;1
32046;Phloridzin;IL2_HUMAN;1.8499999999999998e-30;;;;1
32047;Phloridzin;IL5_MOUSE;5e-15;;;;1
32048;Phloridzin;IL6_HUMAN;1.78e-06;;;;1
32049;Phloridzin;IMDH1_HUMAN;;;0.118883307;;1
32050;Phloridzin;LEG3_HUMAN;3.39e-14;;0.118883307;;2
32051;Phloridzin;LEG7_HUMAN;4.03e-14;;;;1
32052;Phloridzin;LEG9_HUMAN;2.8999999999999997e-17;;0.118883307;;2
32053;Phloridzin;LOX5_HUMAN;;;;0.9145;1
32054;Phloridzin;MMP1_HUMAN;;;0.118883307;;1
32055;Phloridzin;MMP3_HUMAN;;;0.118883307;;1
32056;Phloridzin;MMP7_HUMAN;;;0.118883307;;1
32057;Phloridzin;MMP8_HUMAN;;;0.118883307;;1
32058;Phloridzin;MMP9_HUMAN;;;0.118883307;;1
32059;Phloridzin;NMUR2_HUMAN;8.469999999999999e-09;;;;1
32060;Phloridzin;O96394_LEIAM;1.03e-17;;;;1
32061;Phloridzin;PARG_RAT;2.01e-07;;;;1
32062;Phloridzin;PDIA1_HUMAN;6.299999999999999e-31;;;;1
32063;Phloridzin;PGH1_HUMAN;;;0.118883307;;1
32064;Phloridzin;PNPH_HUMAN;;;0.118883307;;1
32065;Phloridzin;PPBI_HUMAN;1.45e-06;;;;1
32066;Phloridzin;PPO2_AGABI;1.18e-12;;;;1
32067;Phloridzin;PYGM_RABIT;2.5300000000000002e-11;;;;1
32068;Phloridzin;Q1R2J4_ECOUT;3.2999999999999995e-40;;;;1
32069;Phloridzin;Q6INT1_XENLA;;;;0.27221300000000004;1
32070;Phloridzin;Q98UH1_DANRE;2.41e-10;;;;1
32071;Phloridzin;RASH_HUMAN;3.02e-12;;0.118883307;;2
32072;Phloridzin;S28A2_HUMAN;;;0.118883307;;1
32073;Phloridzin;S28A3_HUMAN;1.3999999999999998e-101;;0.697906563;;2
32074;Phloridzin;S29A1_HUMAN;;;0.118883307;;1
32075;Phloridzin;S5A1_HUMAN;;;0.118883307;;1
32076;Phloridzin;SC5A1_HUMAN;5.809999999999999e-44;1.4e-06;1.0;;3
32077;Phloridzin;SC5A1_RAT;3.0899999999999998e-74;;;;1
32078;Phloridzin;SC5A2_HUMAN;5.1999999999999994e-82;;1.0;;2
32079;Phloridzin;SC5A2_RAT;2.6699999999999993e-68;;;;1
32080;Phloridzin;SC5A4_HUMAN;5.04e-28;;1.0;;2
32081;Phloridzin;SC5AB_HUMAN;1.33e-19;;;;1
32082;Phloridzin;SYYC_HUMAN;3.14e-06;;;;1
32083;Phloridzin;TOP1_HUMAN;2.22e-16;;;;1
32084;Phloridzin;TOP1_MOUSE;4.629999999999999e-62;;;;1
32085;Phloridzin;TYDP1_HUMAN;1.99e-07;;;;1
32086;Phloridzin;TYRO_HUMAN;2.92e-48;;0.13497189199999998;;2
32087;Phloridzin;VEGFA_HUMAN;2.36e-11;;;;1
34066;Sieboldin;A0A0C7ACN7_PSEAI;2.15e-20;;;;1
34067;Sieboldin;AA2AR_HUMAN;;;0.106542926;;1
34068;Sieboldin;AA2BR_HUMAN;;;0.106542926;;1
34069;Sieboldin;ADK_TOXGO;5.04e-07;;;;1
34070;Sieboldin;AL1A2_HUMAN;3.1e-12;;;;1
34071;Sieboldin;AL1B1_HUMAN;3.1e-12;;;;1
34072;Sieboldin;ALDR_HUMAN;;;0.106542926;;1
34073;Sieboldin;ALDR_RAT;1.8e-08;;;;1
34074;Sieboldin;ARP19_RAT;8.48e-21;;;;1
34075;Sieboldin;B4EH87_BURCJ;2.9899999999999994e-45;;;;1
34076;Sieboldin;B4GT1_BOVIN;5.75e-48;;;;1
34077;Sieboldin;CAH12_HUMAN;2.06e-10;;;;1
34078;Sieboldin;CAH14_HUMAN;8.909999999999999e-07;;0.106542926;;2
34079;Sieboldin;CAH1_HUMAN;8.8e-07;;;;1
34080;Sieboldin;CAH7_HUMAN;2.75e-06;;;;1
34081;Sieboldin;CAH9_HUMAN;8.98e-09;;;;1
34082;Sieboldin;CDD_HUMAN;3.36e-10;;;;1
34083;Sieboldin;CDD_MOUSE;1.13e-12;;;;1
34084;Sieboldin;CP19A_HUMAN;;;0.106542926;0.640663;2
34085;Sieboldin;DHB4_HUMAN;;;;0.05017115666666666;1
34086;Sieboldin;DHI2_HUMAN;;;;0.9285;1
34087;Sieboldin;ERAP1_HUMAN;3.5e-09;;;;1
34088;Sieboldin;ESR1_HUMAN;;;0.106542926;0.9317333333333334;2
34089;Sieboldin;FAS_CHICK;8.919999999999999e-48;;;;1
34090;Sieboldin;FGF1_HUMAN;9.24e-18;;;;1
34091;Sieboldin;FGF2_HUMAN;9.99e-16;;;;1
34092;Sieboldin;FIMH_ECOLI;8.459999999999997e-138;;;;1
34093;Sieboldin;GDE_RABIT;1.13e-11;;;;1
34094;Sieboldin;HPSE_HUMAN;2.95e-06;;;;1
34095;Sieboldin;HXK1_HUMAN;4.1799999999999996e-12;;;;1
34096;Sieboldin;HXK2_HUMAN;2.11e-13;;;;1
34097;Sieboldin;HYES_HUMAN;;;0.106542926;;1
34098;Sieboldin;IL2_HUMAN;1.28e-32;;;;1
34099;Sieboldin;IL5_MOUSE;5e-15;;;;1
34100;Sieboldin;IL6_HUMAN;1.78e-06;;;;1
34101;Sieboldin;IMDH1_HUMAN;;;0.106542926;;1
34102;Sieboldin;KDM4E_HUMAN;8.85e-07;;;;1
34103;Sieboldin;KLRBA_RAT;2.04e-11;;;;1
34104;Sieboldin;LEG1_HUMAN;4.86e-11;;;;1
34105;Sieboldin;LEG3_HUMAN;1.24e-19;;;;1
34106;Sieboldin;LEG7_HUMAN;5.77e-15;;;;1
34107;Sieboldin;LEG9_HUMAN;9.320000000000001e-29;;;;1
34108;Sieboldin;LOX15_HUMAN;7.18e-06;;;;1
34109;Sieboldin;LOX5_HUMAN;;;;0.9319999999999999;1
34110;Sieboldin;LYAM3_HUMAN;4.82e-06;;;;1
34111;Sieboldin;MMP1_HUMAN;;;0.106542926;;1
34112;Sieboldin;MMP7_HUMAN;;;0.106542926;;1
34113;Sieboldin;MMP8_HUMAN;;;0.106542926;;1
34114;Sieboldin;NMUR2_HUMAN;1.25e-09;;;;1
34115;Sieboldin;O96394_LEIAM;1.59e-19;;;;1
34116;Sieboldin;PARG_RAT;2.01e-07;;;;1
34117;Sieboldin;PDIA1_HUMAN;1.5599999999999999e-30;;;;1
34118;Sieboldin;PPBI_HUMAN;4.03e-07;;;;1
34119;Sieboldin;PPBI_MOUSE;7.45e-07;;;;1
34120;Sieboldin;PPO2_AGABI;3.87e-10;;;;1
34121;Sieboldin;PTN1_HUMAN;;;0.106542926;0.941;2
34122;Sieboldin;PTN2_HUMAN;;;0.106542926;;1
34123;Sieboldin;PYGM_RABIT;1.1e-12;;;;1
34124;Sieboldin;Q1R2J4_ECOUT;7.509999999999999e-44;;;;1
34125;Sieboldin;Q6INT1_XENLA;;;;0.6614359999999999;1
34126;Sieboldin;Q8I2J3_PLAF7;2.93e-06;;;;1
34127;Sieboldin;RASH_HUMAN;7.990000000000001e-15;;0.106542926;;2
34128;Sieboldin;S28A3_HUMAN;1.8899999999999995e-69;;0.106542926;;2
34129;Sieboldin;S29A1_HUMAN;;;0.106542926;;1
34130;Sieboldin;S5A1_HUMAN;;;0.123138426;;1
34131;Sieboldin;SC5A1_HUMAN;4.99e-47;;0.123138426;;2
34132;Sieboldin;SC5A1_RAT;4.86e-58;;;;1
34133;Sieboldin;SC5A2_HUMAN;7.119999999999999e-94;;0.11483942300000001;;2
34134;Sieboldin;SC5A2_RAT;8.84e-57;;;;1
34135;Sieboldin;SC5A4_HUMAN;3.17e-28;;0.106542926;;2
34136;Sieboldin;SC5AB_HUMAN;9.170000000000001e-21;;;;1
34137;Sieboldin;TERT_HUMAN;;;0.106542926;;1
34138;Sieboldin;TOP1_MOUSE;2.29e-11;;;;1
34139;Sieboldin;TYDP1_HUMAN;8.75e-08;;;;1
34140;Sieboldin;TYRO_HUMAN;1.94e-42;;0.11483942300000001;;2
34141;Sieboldin;TYTR_CRIFA;4.54e-34;;;;1
34142;Sieboldin;VEGFA_HUMAN;1.2199999999999999e-11;;;;1
34969;Trilobatin;AA2AR_HUMAN;;;0.118883307;;1
34970;Trilobatin;AA2BR_HUMAN;;;0.118883307;;1
34971;Trilobatin;ADK_TOXGO;2.19e-10;;;;1
34972;Trilobatin;AL1A2_HUMAN;8.97e-14;;;;1
34973;Trilobatin;AL1B1_HUMAN;8.97e-14;;;;1
34974;Trilobatin;ALDR_HUMAN;;;0.118883307;;1
34975;Trilobatin;ALDR_RAT;1.11e-06;;;;1
34976;Trilobatin;B4EH87_BURCJ;6.929999999999999e-47;;;;1
34977;Trilobatin;B4GT1_BOVIN;2.18e-49;;;;1
34978;Trilobatin;B4GT1_HUMAN;2.11e-15;;;;1
34979;Trilobatin;CAH12_HUMAN;3.3e-11;;;;1
34980;Trilobatin;CAH14_HUMAN;8.050000000000001e-09;;;;1
34981;Trilobatin;CAH1_HUMAN;1.05e-07;;;;1
34982;Trilobatin;CAH7_HUMAN;2.68e-06;;;;1
34983;Trilobatin;CAH9_HUMAN;6.469999999999999e-10;;;;1
34984;Trilobatin;CP19A_HUMAN;;;0.118883307;0.4845246666666667;2
34985;Trilobatin;DHB4_HUMAN;;;;0.11709561689666668;1
34986;Trilobatin;DHI2_HUMAN;;;;0.9305;1
34987;Trilobatin;ERAP1_HUMAN;1.8299999999999999e-09;;;;1
34988;Trilobatin;ESR1_HUMAN;;;0.118883307;0.9498666666666665;2
34989;Trilobatin;FAS_CHICK;1.4599999999999998e-40;;;;1
34990;Trilobatin;FGF1_HUMAN;2.91e-18;;;;1
34991;Trilobatin;FGF2_HUMAN;3.33e-16;;;;1
34992;Trilobatin;FIMH_ECOLI;1.4399999999999996e-146;;;;1
34993;Trilobatin;GDE_RABIT;4.87e-12;;;;1
34994;Trilobatin;HPSE_HUMAN;2.06e-06;;;;1
34995;Trilobatin;HXK1_HUMAN;1.0300000000000001e-11;;;;1
34996;Trilobatin;HXK2_HUMAN;5.770000000000001e-13;;;;1
34997;Trilobatin;HYES_HUMAN;;;0.118883307;;1
34998;Trilobatin;IL2_HUMAN;7.259999999999999e-34;;;;1
34999;Trilobatin;IL5_MOUSE;1.89e-15;;;;1
35000;Trilobatin;IL6_HUMAN;1.21e-06;;;;1
35001;Trilobatin;IMDH1_HUMAN;;;0.118883307;;1
35002;Trilobatin;LEG1_HUMAN;2.22e-16;;;;1
35003;Trilobatin;LEG3_HUMAN;2.02e-25;;;;1
35004;Trilobatin;LEG7_HUMAN;4.1999999999999997e-22;;;;1
35005;Trilobatin;LEG9_HUMAN;5.649999999999999e-35;;;;1
35006;Trilobatin;LOX5_HUMAN;;;;0.9410000000000001;1
35007;Trilobatin;LYAG_RAT;9.38e-06;;;;1
35008;Trilobatin;LYAM3_HUMAN;3.49e-06;;;;1
35009;Trilobatin;MMP1_HUMAN;;;0.118883307;;1
35010;Trilobatin;MMP7_HUMAN;;;0.118883307;;1
35011;Trilobatin;MMP8_HUMAN;;;0.118883307;;1
35012;Trilobatin;NMUR2_HUMAN;3.49e-08;;;;1
35013;Trilobatin;O96394_LEIAM;3.1800000000000004e-10;;;;1
35014;Trilobatin;PARG_RAT;1.2199999999999998e-07;;;;1
35015;Trilobatin;PDIA1_HUMAN;5.49e-23;;;;1
35016;Trilobatin;PPO2_AGABI;1.45e-14;;;;1
35017;Trilobatin;PTN1_HUMAN;;;0.118883307;;1
35018;Trilobatin;PTN2_HUMAN;;;0.118883307;;1
35019;Trilobatin;PYGM_RABIT;4.320000000000001e-25;;;;1
35020;Trilobatin;Q1R2J4_ECOUT;9.16e-45;;;;1
35021;Trilobatin;Q6INT1_XENLA;;;;0.436571;1
35022;Trilobatin;Q98UH1_DANRE;1.56e-10;;;;1
35023;Trilobatin;RASH_HUMAN;1.46e-12;;0.118883307;;2
35024;Trilobatin;S28A3_HUMAN;5.669999999999999e-82;;0.118883307;;2
35025;Trilobatin;S29A1_HUMAN;;;0.118883307;;1
35026;Trilobatin;S5A1_HUMAN;;;0.126928724;;1
35027;Trilobatin;SC5A1_HUMAN;7.449999999999999e-56;0.09304;0.167148809;;3
35028;Trilobatin;SC5A1_RAT;6.769999999999999e-67;;;;1
35029;Trilobatin;SC5A2_HUMAN;4.279999999999999e-114;;0.15909744;;2
35030;Trilobatin;SC5A2_RAT;1.4499999999999998e-61;;;;1
35031;Trilobatin;SC5A4_HUMAN;1.2199999999999999e-36;;0.118883307;;2
35032;Trilobatin;SC5AB_HUMAN;2.5300000000000003e-21;;;;1
35033;Trilobatin;SYYC_HUMAN;2.15e-06;;;;1
35034;Trilobatin;TOP1_HUMAN;5.65e-13;;0.118883307;;2
35035;Trilobatin;TOP1_MOUSE;1.3099999999999999e-50;;;;1
35036;Trilobatin;TYDP1_HUMAN;8.39e-08;;;;1
35037;Trilobatin;TYRO_HUMAN;4.23e-49;;0.13497189199999998;;2
35038;Trilobatin;VEGFA_HUMAN;5.820000000000001e-12;;;;1
